대수,회의날짜,회의번호,회의종류명,위원회명,회의명,회의종류코드,안건번호,안건명,영상회의록,영상회의록 링크,요약정보 팝업,PDF파일 링크,회의록
22,2026-04-07,56519,상임위원회,과학기술정보방송통신위원회,제22대 제434회 제2차 과학기술정보방송통신위원회 (2026년 04월 07일),2,1,1. 2026년도 제1회 추가경정예산안(의안번호 2217938),null,null,https://record.assembly.go.kr/assembly/viewer/minutes/xml.do?id=56519&type=summary,https://record.assembly.go.kr/assembly/viewer/minutes/download/pdf.do?id=56519,1371651
22,2026-04-07,56519,상임위원회,과학기술정보방송통신위원회,제22대 제434회 제2차 과학기술정보방송통신위원회 (2026년 04월 07일),2,2,2. 2026년도 정보통신진흥기금운용계획변경안(의안번호 2217940),null,null,https://record.assembly.go.kr/assembly/viewer/minutes/xml.do?id=56519&type=summary,https://record.assembly.go.kr/assembly/viewer/minutes/download/pdf.do?id=56519,1371651
22,2026-04-06,56488,상임위원회,과학기술정보방송통신위원회,제22대 제434회 제1차 과학기술정보방송통신위원회 (2026년 04월 06일),2,1,1. 2026년도 제1회 추가경정예산안(의안번호 2217938),null,http://w3.assembly.go.kr/main/player.do?menu=1&mc=356&ct1=22&ct2=434&ct3=01&wv=1,https://record.assembly.go.kr/assembly/viewer/minutes/xml.do?id=56488&type=summary,https://record.assembly.go.kr/assembly/viewer/minutes/download/pdf.do?id=56488,1371218
22,2026-04-06,56488,상임위원회,과학기술정보방송통신위원회,제22대 제434회 제1차 과학기술정보방송통신위원회 (2026년 04월 06일),2,2,2. 2026년도 정보통신진흥기금운용계획변경안(의안번호 2217940),null,http://w3.assembly.go.kr/main/player.do?menu=1&mc=356&ct1=22&ct2=434&ct3=01&wv=1,https://record.assembly.go.kr/assembly/viewer/minutes/xml.do?id=56488&type=summary,https://record.assembly.go.kr/assembly/viewer/minutes/download/pdf.do?id=56488,1371218
22,2026-04-03,56487,상임위원회,과학기술정보방송통신위원회 예산결산심사소위원회,제22대 제434회 제1차 과학기술정보방송통신위원회 예산결산심사소위원회 (2026년 04월 03일),2,1,1. 2026년도 제1회 추가경정예산안(의안번호 2217938),null,null,https://record.assembly.go.kr/assembly/viewer/minutes/xml.do?id=56487&type=summary,https://record.assembly.go.kr/assembly/viewer/minutes/download/pdf.do?id=56487,1371650
22,2026-04-03,56487,상임위원회,과학기술정보방송통신위원회 예산결산심사소위원회,제22대 제434회 제1차 과학기술정보방송통신위원회 예산결산심사소위원회 (2026년 04월 03일),2,2,2. 2026년도 정보통신진흥기금운용계획변경안(의안번호 2217940),null,null,https://record.assembly.go.kr/assembly/viewer/minutes/xml.do?id=56487&type=summary,https://record.assembly.go.kr/assembly/viewer/minutes/download/pdf.do?id=56487,1371650
22,2026-04-02,56481,상임위원회,과학기술정보방송통신위원회,제22대 제433회 제4차 과학기술정보방송통신위원회 (2026년 04월 02일),2,1,1. 예산결산심사소위원장 선출의 건,null,http://w3.assembly.go.kr/main/player.do?menu=1&mc=356&ct1=22&ct2=433&ct3=04&wv=1,https://record.assembly.go.kr/assembly/viewer/minutes/xml.do?id=56481&type=summary,https://record.assembly.go.kr/assembly/viewer/minutes/download/pdf.do?id=56481,1371112
22,2026-04-02,56481,상임위원회,과학기술정보방송통신위원회,제22대 제433회 제4차 과학기술정보방송통신위원회 (2026년 04월 02일),2,2,2. 2026년도 제1회 추가경정예산안(의안번호 2217938),null,http://w3.assembly.go.kr/main/player.do?menu=1&mc=356&ct1=22&ct2=433&ct3=04&wv=1,https://record.assembly.go.kr/assembly/viewer/minutes/xml.do?id=56481&type=summary,https://record.assembly.go.kr/assembly/viewer/minutes/download/pdf.do?id=56481,1371112
22,2026-04-02,56481,상임위원회,과학기술정보방송통신위원회,제22대 제433회 제4차 과학기술정보방송통신위원회 (2026년 04월 02일),2,3,3. 2026년도 정보통신진흥기금운용계획변경안(의안번호 2217940),null,http://w3.assembly.go.kr/main/player.do?menu=1&mc=356&ct1=22&ct2=433&ct3=04&wv=1,https://record.assembly.go.kr/assembly/viewer/minutes/xml.do?id=56481&type=summary,https://record.assembly.go.kr/assembly/viewer/minutes/download/pdf.do?id=56481,1371112
22,2026-04-01,56419,상임위원회,과학기술정보방송통신위원회,제22대 제433회 제3차 과학기술정보방송통신위원회 (2026년 04월 01일),2,1,1. 방송미디어통신심의위원회 위원장후보자(고광헌) 인사청문요청안,null,http://w3.assembly.go.kr/main/player.do?menu=1&mc=356&ct1=22&ct2=433&ct3=03&wv=1,https://record.assembly.go.kr/assembly/viewer/minutes/xml.do?id=56419&type=summary,https://record.assembly.go.kr/assembly/viewer/minutes/download/pdf.do?id=56419,1370839
22,2026-04-01,56419,상임위원회,과학기술정보방송통신위원회,제22대 제433회 제3차 과학기술정보방송통신위원회 (2026년 04월 01일),2,2,2. 방송미디어통신심의위원회 위원장후보자(고광헌) 인사청문회,null,http://w3.assembly.go.kr/main/player.do?menu=1&mc=356&ct1=22&ct2=433&ct3=03&wv=1,https://record.assembly.go.kr/assembly/viewer/minutes/xml.do?id=56419&type=summary,https://record.assembly.go.kr/assembly/viewer/minutes/download/pdf.do?id=56419,1370839
22,2026-03-24,56431,상임위원회,과학기술정보방송통신위원회,제22대 제433회 제2차 과학기술정보방송통신위원회 (2026년 03월 24일),2,1,1. 방송미디어통신심의위원회 위원장후보자(고광헌) 인사청문요청안,null,http://w3.assembly.go.kr/main/player.do?menu=1&mc=356&ct1=22&ct2=433&ct3=02&wv=1,https://record.assembly.go.kr/assembly/viewer/minutes/xml.do?id=56431&type=summary,https://record.assembly.go.kr/assembly/viewer/minutes/download/pdf.do?id=56431,1370781
22,2026-03-24,56431,상임위원회,과학기술정보방송통신위원회,제22대 제433회 제2차 과학기술정보방송통신위원회 (2026년 03월 24일),2,2,2. 방송미디어통신심의위원회 위원장후보자(고광헌) 인사청문회 실시계획서 채택의 건,null,http://w3.assembly.go.kr/main/player.do?menu=1&mc=356&ct1=22&ct2=433&ct3=02&wv=1,https://record.assembly.go.kr/assembly/viewer/minutes/xml.do?id=56431&type=summary,https://record.assembly.go.kr/assembly/viewer/minutes/download/pdf.do?id=56431,1370781
22,2026-03-24,56431,상임위원회,과학기술정보방송통신위원회,제22대 제433회 제2차 과학기술정보방송통신위원회 (2026년 03월 24일),2,3,3. 방송미디어통신심의위원회 위원장후보자(고광헌) 인사청문회 자료제출 요구의 건,null,http://w3.assembly.go.kr/main/player.do?menu=1&mc=356&ct1=22&ct2=433&ct3=02&wv=1,https://record.assembly.go.kr/assembly/viewer/minutes/xml.do?id=56431&type=summary,https://record.assembly.go.kr/assembly/viewer/minutes/download/pdf.do?id=56431,1370781
22,2026-03-24,56431,상임위원회,과학기술정보방송통신위원회,제22대 제433회 제2차 과학기술정보방송통신위원회 (2026년 03월 24일),2,4,4. 방송미디어통신심의위원회 위원장후보자(고광헌) 인사청문회 증인등 출석요구의 건,null,http://w3.assembly.go.kr/main/player.do?menu=1&mc=356&ct1=22&ct2=433&ct3=02&wv=1,https://record.assembly.go.kr/assembly/viewer/minutes/xml.do?id=56431&type=summary,https://record.assembly.go.kr/assembly/viewer/minutes/download/pdf.do?id=56431,1370781
22,2026-03-24,56431,상임위원회,과학기술정보방송통신위원회,제22대 제433회 제2차 과학기술정보방송통신위원회 (2026년 03월 24일),2,5,5. 원자력안전법 일부개정법률안(오세희 의원 대표발의)(의안번호 2211070),null,http://w3.assembly.go.kr/main/player.do?menu=1&mc=356&ct1=22&ct2=433&ct3=02&wv=1,https://record.assembly.go.kr/assembly/viewer/minutes/xml.do?id=56431&type=summary,https://record.assembly.go.kr/assembly/viewer/minutes/download/pdf.do?id=56431,1370781
22,2026-03-24,56431,상임위원회,과학기술정보방송통신위원회,제22대 제433회 제2차 과학기술정보방송통신위원회 (2026년 03월 24일),2,6,6. 소프트웨어 진흥법 일부개정법률안(이해민 의원 대표발의)(의안번호 2214631),null,http://w3.assembly.go.kr/main/player.do?menu=1&mc=356&ct1=22&ct2=433&ct3=02&wv=1,https://record.assembly.go.kr/assembly/viewer/minutes/xml.do?id=56431&type=summary,https://record.assembly.go.kr/assembly/viewer/minutes/download/pdf.do?id=56431,1370781
22,2026-03-24,56431,상임위원회,과학기술정보방송통신위원회,제22대 제433회 제2차 과학기술정보방송통신위원회 (2026년 03월 24일),2,7,7. 방송미디어통신위원회의 설치 및 운영에 관한 법률 일부개정법률안(조인철 의원 대표발의)(의안번호 2216185),null,http://w3.assembly.go.kr/main/player.do?menu=1&mc=356&ct1=22&ct2=433&ct3=02&wv=1,https://record.assembly.go.kr/assembly/viewer/minutes/xml.do?id=56431&type=summary,https://record.assembly.go.kr/assembly/viewer/minutes/download/pdf.do?id=56431,1370781
22,2026-03-24,56431,상임위원회,과학기술정보방송통신위원회,제22대 제433회 제2차 과학기술정보방송통신위원회 (2026년 03월 24일),2,8,8. 방송미디어통신위원회의 설치 및 운영에 관한 법률 일부개정법률안(김상훈 의원 대표발의)(의안번호 2216242),null,http://w3.assembly.go.kr/main/player.do?menu=1&mc=356&ct1=22&ct2=433&ct3=02&wv=1,https://record.assembly.go.kr/assembly/viewer/minutes/xml.do?id=56431&type=summary,https://record.assembly.go.kr/assembly/viewer/minutes/download/pdf.do?id=56431,1370781
22,2026-03-24,56431,상임위원회,과학기술정보방송통신위원회,제22대 제433회 제2차 과학기술정보방송통신위원회 (2026년 03월 24일),2,9,9. 방송미디어통신위원회의 설치 및 운영에 관한 법률 일부개정법률안(이만희 의원 대표발의)(의안번호 2214361),null,http://w3.assembly.go.kr/main/player.do?menu=1&mc=356&ct1=22&ct2=433&ct3=02&wv=1,https://record.assembly.go.kr/assembly/viewer/minutes/xml.do?id=56431&type=summary,https://record.assembly.go.kr/assembly/viewer/minutes/download/pdf.do?id=56431,1370781
22,2026-03-24,56431,상임위원회,과학기술정보방송통신위원회,제22대 제433회 제2차 과학기술정보방송통신위원회 (2026년 03월 24일),2,10,10. 방송미디어통신위원회의 설치 및 운영에 관한 법률 일부개정법률안(대안),null,http://w3.assembly.go.kr/main/player.do?menu=1&mc=356&ct1=22&ct2=433&ct3=02&wv=1,https://record.assembly.go.kr/assembly/viewer/minutes/xml.do?id=56431&type=summary,https://record.assembly.go.kr/assembly/viewer/minutes/download/pdf.do?id=56431,1370781
22,2026-03-24,56431,상임위원회,과학기술정보방송통신위원회,제22대 제433회 제2차 과학기술정보방송통신위원회 (2026년 03월 24일),2,11,11. 우정사업 운영에 관한 특례법 일부개정법률안(이정헌 의원 대표발의)(의안번호 2213870),null,http://w3.assembly.go.kr/main/player.do?menu=1&mc=356&ct1=22&ct2=433&ct3=02&wv=1,https://record.assembly.go.kr/assembly/viewer/minutes/xml.do?id=56431&type=summary,https://record.assembly.go.kr/assembly/viewer/minutes/download/pdf.do?id=56431,1370781
22,2026-03-24,56431,상임위원회,과학기술정보방송통신위원회,제22대 제433회 제2차 과학기술정보방송통신위원회 (2026년 03월 24일),2,12,12. 우체국보험특별회계법 일부개정법률안(이정헌 의원 대표발의)(의안번호 2213872),null,http://w3.assembly.go.kr/main/player.do?menu=1&mc=356&ct1=22&ct2=433&ct3=02&wv=1,https://record.assembly.go.kr/assembly/viewer/minutes/xml.do?id=56431&type=summary,https://record.assembly.go.kr/assembly/viewer/minutes/download/pdf.do?id=56431,1370781
22,2026-03-24,56431,상임위원회,과학기술정보방송통신위원회,제22대 제433회 제2차 과학기술정보방송통신위원회 (2026년 03월 24일),2,13,13. 과학기술기본법 일부개정법률안(이건태 의원 대표발의)(의안번호 2216721),null,http://w3.assembly.go.kr/main/player.do?menu=1&mc=356&ct1=22&ct2=433&ct3=02&wv=1,https://record.assembly.go.kr/assembly/viewer/minutes/xml.do?id=56431&type=summary,https://record.assembly.go.kr/assembly/viewer/minutes/download/pdf.do?id=56431,1370781
22,2026-03-24,56431,상임위원회,과학기술정보방송통신위원회,제22대 제433회 제2차 과학기술정보방송통신위원회 (2026년 03월 24일),2,14,14. 국가과학기술자문회의법 일부개정법률안(이건태 의원 대표발의)(의안번호 2216717),null,http://w3.assembly.go.kr/main/player.do?menu=1&mc=356&ct1=22&ct2=433&ct3=02&wv=1,https://record.assembly.go.kr/assembly/viewer/minutes/xml.do?id=56431&type=summary,https://record.assembly.go.kr/assembly/viewer/minutes/download/pdf.do?id=56431,1370781
22,2026-03-24,56431,상임위원회,과학기술정보방송통신위원회,제22대 제433회 제2차 과학기술정보방송통신위원회 (2026년 03월 24일),2,15,15. 방사선 및 방사성동위원소 이용진흥법 일부개정법률안(이주희 의원 대표발의)(의안번호 2216308),null,http://w3.assembly.go.kr/main/player.do?menu=1&mc=356&ct1=22&ct2=433&ct3=02&wv=1,https://record.assembly.go.kr/assembly/viewer/minutes/xml.do?id=56431&type=summary,https://record.assembly.go.kr/assembly/viewer/minutes/download/pdf.do?id=56431,1370781
22,2026-03-24,56431,상임위원회,과학기술정보방송통신위원회,제22대 제433회 제2차 과학기술정보방송통신위원회 (2026년 03월 24일),2,16,16. 연구개발특구의 육성에 관한 특별법 일부개정법률안(장철민 의원 대표발의)(의안번호 2216895),null,http://w3.assembly.go.kr/main/player.do?menu=1&mc=356&ct1=22&ct2=433&ct3=02&wv=1,https://record.assembly.go.kr/assembly/viewer/minutes/xml.do?id=56431&type=summary,https://record.assembly.go.kr/assembly/viewer/minutes/download/pdf.do?id=56431,1370781
22,2026-03-24,56431,상임위원회,과학기술정보방송통신위원회,제22대 제433회 제2차 과학기술정보방송통신위원회 (2026년 03월 24일),2,17,17. 원자력시설 등의 방호 및 방사능 방재 대책법 일부개정법률안(김장겸 의원 대표발의)(의안번호 2216443),null,http://w3.assembly.go.kr/main/player.do?menu=1&mc=356&ct1=22&ct2=433&ct3=02&wv=1,https://record.assembly.go.kr/assembly/viewer/minutes/xml.do?id=56431&type=summary,https://record.assembly.go.kr/assembly/viewer/minutes/download/pdf.do?id=56431,1370781
22,2026-03-24,56431,상임위원회,과학기술정보방송통신위원회,제22대 제433회 제2차 과학기술정보방송통신위원회 (2026년 03월 24일),2,18,18. 원자력안전위원회의 설치 및 운영에 관한 법률 일부개정법률안(박충권 의원 대표발의)(의안번호 2216300),null,http://w3.assembly.go.kr/main/player.do?menu=1&mc=356&ct1=22&ct2=433&ct3=02&wv=1,https://record.assembly.go.kr/assembly/viewer/minutes/xml.do?id=56431&type=summary,https://record.assembly.go.kr/assembly/viewer/minutes/download/pdf.do?id=56431,1370781
22,2026-03-24,56431,상임위원회,과학기술정보방송통신위원회,제22대 제433회 제2차 과학기술정보방송통신위원회 (2026년 03월 24일),2,19,19. 항공우주산업개발 촉진법 일부개정법률안(서천호 의원 대표발의)(의안번호 2216373),null,http://w3.assembly.go.kr/main/player.do?menu=1&mc=356&ct1=22&ct2=433&ct3=02&wv=1,https://record.assembly.go.kr/assembly/viewer/minutes/xml.do?id=56431&type=summary,https://record.assembly.go.kr/assembly/viewer/minutes/download/pdf.do?id=56431,1370781
22,2026-03-24,56431,상임위원회,과학기술정보방송통신위원회,제22대 제433회 제2차 과학기술정보방송통신위원회 (2026년 03월 24일),2,20,20. 딥페이크 피해 방지 및 삭제 의무에 관한 법률안(차지호 의원 대표발의)(의안번호 2216539),null,http://w3.assembly.go.kr/main/player.do?menu=1&mc=356&ct1=22&ct2=433&ct3=02&wv=1,https://record.assembly.go.kr/assembly/viewer/minutes/xml.do?id=56431&type=summary,https://record.assembly.go.kr/assembly/viewer/minutes/download/pdf.do?id=56431,1370781
22,2026-03-24,56431,상임위원회,과학기술정보방송통신위원회,제22대 제433회 제2차 과학기술정보방송통신위원회 (2026년 03월 24일),2,21,21. 방송법 일부개정법률안(김재원 의원 대표발의)(의안번호 2216447),null,http://w3.assembly.go.kr/main/player.do?menu=1&mc=356&ct1=22&ct2=433&ct3=02&wv=1,https://record.assembly.go.kr/assembly/viewer/minutes/xml.do?id=56431&type=summary,https://record.assembly.go.kr/assembly/viewer/minutes/download/pdf.do?id=56431,1370781
22,2026-03-24,56431,상임위원회,과학기술정보방송통신위원회,제22대 제433회 제2차 과학기술정보방송통신위원회 (2026년 03월 24일),2,22,22. 인공지능 발전과 신뢰 기반 조성 등에 관한 기본법 일부개정법률안(최은석 의원 대표발의)(의안번호 2216516),null,http://w3.assembly.go.kr/main/player.do?menu=1&mc=356&ct1=22&ct2=433&ct3=02&wv=1,https://record.assembly.go.kr/assembly/viewer/minutes/xml.do?id=56431&type=summary,https://record.assembly.go.kr/assembly/viewer/minutes/download/pdf.do?id=56431,1370781
22,2026-03-24,56431,상임위원회,과학기술정보방송통신위원회,제22대 제433회 제2차 과학기술정보방송통신위원회 (2026년 03월 24일),2,23,23. 인공지능 발전과 신뢰 기반 조성 등에 관한 기본법 일부개정법률안(이상휘 의원 대표발의)(의안번호 2216804),null,http://w3.assembly.go.kr/main/player.do?menu=1&mc=356&ct1=22&ct2=433&ct3=02&wv=1,https://record.assembly.go.kr/assembly/viewer/minutes/xml.do?id=56431&type=summary,https://record.assembly.go.kr/assembly/viewer/minutes/download/pdf.do?id=56431,1370781
22,2026-03-24,56431,상임위원회,과학기술정보방송통신위원회,제22대 제433회 제2차 과학기술정보방송통신위원회 (2026년 03월 24일),2,24,24. 전기통신사업법 일부개정법률안(조인철 의원 대표발의)(의안번호 2216313),null,http://w3.assembly.go.kr/main/player.do?menu=1&mc=356&ct1=22&ct2=433&ct3=02&wv=1,https://record.assembly.go.kr/assembly/viewer/minutes/xml.do?id=56431&type=summary,https://record.assembly.go.kr/assembly/viewer/minutes/download/pdf.do?id=56431,1370781
22,2026-03-24,56431,상임위원회,과학기술정보방송통신위원회,제22대 제433회 제2차 과학기술정보방송통신위원회 (2026년 03월 24일),2,25,25. 정보보호산업의 진흥에 관한 법률 일부개정법률안(조인철 의원 대표발의)(의안번호 2216320),null,http://w3.assembly.go.kr/main/player.do?menu=1&mc=356&ct1=22&ct2=433&ct3=02&wv=1,https://record.assembly.go.kr/assembly/viewer/minutes/xml.do?id=56431&type=summary,https://record.assembly.go.kr/assembly/viewer/minutes/download/pdf.do?id=56431,1370781
22,2026-03-24,56431,상임위원회,과학기술정보방송통신위원회,제22대 제433회 제2차 과학기술정보방송통신위원회 (2026년 03월 24일),2,26,26. 정보통신망 이용촉진 및 정보보호 등에 관한 법률 일부개정법률안(조인철 의원 대표발의)(의안번호 2216321),null,http://w3.assembly.go.kr/main/player.do?menu=1&mc=356&ct1=22&ct2=433&ct3=02&wv=1,https://record.assembly.go.kr/assembly/viewer/minutes/xml.do?id=56431&type=summary,https://record.assembly.go.kr/assembly/viewer/minutes/download/pdf.do?id=56431,1370781
22,2026-03-24,56431,상임위원회,과학기술정보방송통신위원회,제22대 제433회 제2차 과학기술정보방송통신위원회 (2026년 03월 24일),2,27,27. 정보통신망 이용촉진 및 정보보호 등에 관한 법률 일부개정법률안(차지호 의원 대표발의)(의안번호 2216538),null,http://w3.assembly.go.kr/main/player.do?menu=1&mc=356&ct1=22&ct2=433&ct3=02&wv=1,https://record.assembly.go.kr/assembly/viewer/minutes/xml.do?id=56431&type=summary,https://record.assembly.go.kr/assembly/viewer/minutes/download/pdf.do?id=56431,1370781
22,2026-03-24,56431,상임위원회,과학기술정보방송통신위원회,제22대 제433회 제2차 과학기술정보방송통신위원회 (2026년 03월 24일),2,28,28. 정보통신망 이용촉진 및 정보보호 등에 관한 법률 일부개정법률안(이용우 의원 대표발의)(의안번호 2216651),null,http://w3.assembly.go.kr/main/player.do?menu=1&mc=356&ct1=22&ct2=433&ct3=02&wv=1,https://record.assembly.go.kr/assembly/viewer/minutes/xml.do?id=56431&type=summary,https://record.assembly.go.kr/assembly/viewer/minutes/download/pdf.do?id=56431,1370781
22,2026-03-24,56431,상임위원회,과학기술정보방송통신위원회,제22대 제433회 제2차 과학기술정보방송통신위원회 (2026년 03월 24일),2,29,29. 정보통신망 이용촉진 및 정보보호 등에 관한 법률 일부개정법률안(김용만 의원 대표발의)(의안번호 2216675),null,http://w3.assembly.go.kr/main/player.do?menu=1&mc=356&ct1=22&ct2=433&ct3=02&wv=1,https://record.assembly.go.kr/assembly/viewer/minutes/xml.do?id=56431&type=summary,https://record.assembly.go.kr/assembly/viewer/minutes/download/pdf.do?id=56431,1370781
22,2026-03-24,56431,상임위원회,과학기술정보방송통신위원회,제22대 제433회 제2차 과학기술정보방송통신위원회 (2026년 03월 24일),2,30,30. 정보통신망 이용촉진 및 정보보호 등에 관한 법률 일부개정법률안(김현 의원 대표발의)(의안번호 2216726),null,http://w3.assembly.go.kr/main/player.do?menu=1&mc=356&ct1=22&ct2=433&ct3=02&wv=1,https://record.assembly.go.kr/assembly/viewer/minutes/xml.do?id=56431&type=summary,https://record.assembly.go.kr/assembly/viewer/minutes/download/pdf.do?id=56431,1370781
22,2026-03-24,56430,상임위원회,과학기술정보방송통신위원회 정보통신방송법안심사소위원회,제22대 제433회 제3차 과학기술정보방송통신위원회 정보통신방송법안심사소위원회 (2026년 03월 24일),2,1,1. 인공지능데이터센터 진흥 및 기반 조성에 관한 법률안(정동영 의원 대표발의)(의안번호 2210511),null,null,https://record.assembly.go.kr/assembly/viewer/minutes/xml.do?id=56430&type=summary,https://record.assembly.go.kr/assembly/viewer/minutes/download/pdf.do?id=56430,1370356
22,2026-03-24,56430,상임위원회,과학기술정보방송통신위원회 정보통신방송법안심사소위원회,제22대 제433회 제3차 과학기술정보방송통신위원회 정보통신방송법안심사소위원회 (2026년 03월 24일),2,2,2. 인공지능 데이터센터 진흥에 관한 특별법안(한민수 의원 대표발의)(의안번호 2213034),null,null,https://record.assembly.go.kr/assembly/viewer/minutes/xml.do?id=56430&type=summary,https://record.assembly.go.kr/assembly/viewer/minutes/download/pdf.do?id=56430,1370356
22,2026-03-24,56430,상임위원회,과학기술정보방송통신위원회 정보통신방송법안심사소위원회,제22대 제433회 제3차 과학기술정보방송통신위원회 정보통신방송법안심사소위원회 (2026년 03월 24일),2,3,3. 인공지능데이터센터 기반 구축 및 산업 육성에 관한 법률안(황정아 의원 대표발의)(의안번호 2213320),null,null,https://record.assembly.go.kr/assembly/viewer/minutes/xml.do?id=56430&type=summary,https://record.assembly.go.kr/assembly/viewer/minutes/download/pdf.do?id=56430,1370356
22,2026-03-24,56430,상임위원회,과학기술정보방송통신위원회 정보통신방송법안심사소위원회,제22대 제433회 제3차 과학기술정보방송통신위원회 정보통신방송법안심사소위원회 (2026년 03월 24일),2,4,4. 인공지능 데이터센터 진흥 및 기반 조성에 관한 법률안(조인철 의원 대표발의)(의안번호 2215182),null,null,https://record.assembly.go.kr/assembly/viewer/minutes/xml.do?id=56430&type=summary,https://record.assembly.go.kr/assembly/viewer/minutes/download/pdf.do?id=56430,1370356
22,2026-03-24,56430,상임위원회,과학기술정보방송통신위원회 정보통신방송법안심사소위원회,제22대 제433회 제3차 과학기술정보방송통신위원회 정보통신방송법안심사소위원회 (2026년 03월 24일),2,5,5. 인공지능 데이터센터 진흥에 대한 특별법안(이해민 의원 대표발의)(의안번호 2215928),null,null,https://record.assembly.go.kr/assembly/viewer/minutes/xml.do?id=56430&type=summary,https://record.assembly.go.kr/assembly/viewer/minutes/download/pdf.do?id=56430,1370356
22,2026-03-24,56430,상임위원회,과학기술정보방송통신위원회 정보통신방송법안심사소위원회,제22대 제433회 제3차 과학기술정보방송통신위원회 정보통신방송법안심사소위원회 (2026년 03월 24일),2,6,6. 인공지능 데이터센터 진흥 및 기반 조성에 관한 법률안(김장겸 의원 대표발의)(의안번호 2216551),null,null,https://record.assembly.go.kr/assembly/viewer/minutes/xml.do?id=56430&type=summary,https://record.assembly.go.kr/assembly/viewer/minutes/download/pdf.do?id=56430,1370356
22,2026-03-24,56430,상임위원회,과학기술정보방송통신위원회 정보통신방송법안심사소위원회,제22대 제433회 제3차 과학기술정보방송통신위원회 정보통신방송법안심사소위원회 (2026년 03월 24일),2,7,7. 디지털크리에이터 육성 및 지원에 관한 법률안(이해민 의원 대표발의)(의안번호 2202987),null,null,https://record.assembly.go.kr/assembly/viewer/minutes/xml.do?id=56430&type=summary,https://record.assembly.go.kr/assembly/viewer/minutes/download/pdf.do?id=56430,1370356
22,2026-03-24,56430,상임위원회,과학기술정보방송통신위원회 정보통신방송법안심사소위원회,제22대 제433회 제3차 과학기술정보방송통신위원회 정보통신방송법안심사소위원회 (2026년 03월 24일),2,8,8. 디지털크리에이터(1인 미디어 창작자)산업 진흥법안(최형두 의원 대표발의)(의안번호 2209306),null,null,https://record.assembly.go.kr/assembly/viewer/minutes/xml.do?id=56430&type=summary,https://record.assembly.go.kr/assembly/viewer/minutes/download/pdf.do?id=56430,1370356
22,2026-03-24,56430,상임위원회,과학기술정보방송통신위원회 정보통신방송법안심사소위원회,제22대 제433회 제3차 과학기술정보방송통신위원회 정보통신방송법안심사소위원회 (2026년 03월 24일),2,9,9. 디지털크리에이터 권리보호 및 육성에 관한 법률안(정동영 의원 대표발의)(의안번호 2211174),null,null,https://record.assembly.go.kr/assembly/viewer/minutes/xml.do?id=56430&type=summary,https://record.assembly.go.kr/assembly/viewer/minutes/download/pdf.do?id=56430,1370356
22,2026-03-24,56430,상임위원회,과학기술정보방송통신위원회 정보통신방송법안심사소위원회,제22대 제433회 제3차 과학기술정보방송통신위원회 정보통신방송법안심사소위원회 (2026년 03월 24일),2,10,10. 클라우드컴퓨팅 발전 및 이용자 보호에 관한 법률 일부개정법률안(최형두 의원 대표발의)(의안번호 2216227),null,null,https://record.assembly.go.kr/assembly/viewer/minutes/xml.do?id=56430&type=summary,https://record.assembly.go.kr/assembly/viewer/minutes/download/pdf.do?id=56430,1370356
22,2026-03-24,56430,상임위원회,과학기술정보방송통신위원회 정보통신방송법안심사소위원회,제22대 제433회 제3차 과학기술정보방송통신위원회 정보통신방송법안심사소위원회 (2026년 03월 24일),2,11,11. 전기통신사업법 일부개정법률안(김태선 의원 대표발의)(의안번호 2203979),null,null,https://record.assembly.go.kr/assembly/viewer/minutes/xml.do?id=56430&type=summary,https://record.assembly.go.kr/assembly/viewer/minutes/download/pdf.do?id=56430,1370356
22,2026-03-24,56430,상임위원회,과학기술정보방송통신위원회 정보통신방송법안심사소위원회,제22대 제433회 제3차 과학기술정보방송통신위원회 정보통신방송법안심사소위원회 (2026년 03월 24일),2,12,12. 전기통신사업법 일부개정법률안(조인철 의원 대표발의)(의안번호 2214741),null,null,https://record.assembly.go.kr/assembly/viewer/minutes/xml.do?id=56430&type=summary,https://record.assembly.go.kr/assembly/viewer/minutes/download/pdf.do?id=56430,1370356
22,2026-03-24,56430,상임위원회,과학기술정보방송통신위원회 정보통신방송법안심사소위원회,제22대 제433회 제3차 과학기술정보방송통신위원회 정보통신방송법안심사소위원회 (2026년 03월 24일),2,13,13. 전기통신사업법 일부개정법률안(조인철 의원 대표발의)(의안번호 2215242),null,null,https://record.assembly.go.kr/assembly/viewer/minutes/xml.do?id=56430&type=summary,https://record.assembly.go.kr/assembly/viewer/minutes/download/pdf.do?id=56430,1370356
22,2026-03-24,56430,상임위원회,과학기술정보방송통신위원회 정보통신방송법안심사소위원회,제22대 제433회 제3차 과학기술정보방송통신위원회 정보통신방송법안심사소위원회 (2026년 03월 24일),2,14,14. 정보통신망 이용촉진 및 정보보호 등에 관한 법률 일부개정법률안(최민희 의원 대표발의)(의안번호 2215299),null,null,https://record.assembly.go.kr/assembly/viewer/minutes/xml.do?id=56430&type=summary,https://record.assembly.go.kr/assembly/viewer/minutes/download/pdf.do?id=56430,1370356
22,2026-03-24,56430,상임위원회,과학기술정보방송통신위원회 정보통신방송법안심사소위원회,제22대 제433회 제3차 과학기술정보방송통신위원회 정보통신방송법안심사소위원회 (2026년 03월 24일),2,15,15. 정보통신망 이용촉진 및 정보보호 등에 관한 법률 일부개정법률안(김장겸 의원 대표발의)(의안번호 2217144),null,null,https://record.assembly.go.kr/assembly/viewer/minutes/xml.do?id=56430&type=summary,https://record.assembly.go.kr/assembly/viewer/minutes/download/pdf.do?id=56430,1370356
22,2026-03-24,56430,상임위원회,과학기술정보방송통신위원회 정보통신방송법안심사소위원회,제22대 제433회 제3차 과학기술정보방송통신위원회 정보통신방송법안심사소위원회 (2026년 03월 24일),2,16,16. 정보통신망 이용촉진 및 정보보호 등에 관한 법률 일부개정법률안(이해민 의원 대표발의)(의안번호 2215361),null,null,https://record.assembly.go.kr/assembly/viewer/minutes/xml.do?id=56430&type=summary,https://record.assembly.go.kr/assembly/viewer/minutes/download/pdf.do?id=56430,1370356
22,2026-03-24,56430,상임위원회,과학기술정보방송통신위원회 정보통신방송법안심사소위원회,제22대 제433회 제3차 과학기술정보방송통신위원회 정보통신방송법안심사소위원회 (2026년 03월 24일),2,17,17. 정보통신망 이용촉진 및 정보보호 등에 관한 법률 일부개정법률안(최형두 의원 대표발의)(의안번호 2216230),null,null,https://record.assembly.go.kr/assembly/viewer/minutes/xml.do?id=56430&type=summary,https://record.assembly.go.kr/assembly/viewer/minutes/download/pdf.do?id=56430,1370356
22,2026-03-24,56430,상임위원회,과학기술정보방송통신위원회 정보통신방송법안심사소위원회,제22대 제433회 제3차 과학기술정보방송통신위원회 정보통신방송법안심사소위원회 (2026년 03월 24일),2,18,18. 정보통신망 이용촉진 및 정보보호 등에 관한 법률 일부개정법률안(이해민 의원 대표발의)(의안번호 2216243),null,null,https://record.assembly.go.kr/assembly/viewer/minutes/xml.do?id=56430&type=summary,https://record.assembly.go.kr/assembly/viewer/minutes/download/pdf.do?id=56430,1370356
22,2026-03-24,56430,상임위원회,과학기술정보방송통신위원회 정보통신방송법안심사소위원회,제22대 제433회 제3차 과학기술정보방송통신위원회 정보통신방송법안심사소위원회 (2026년 03월 24일),2,19,19. 정보통신망 이용촉진 및 정보보호 등에 관한 법률 일부개정법률안(최형두 의원 대표발의)(의안번호 2216276),null,null,https://record.assembly.go.kr/assembly/viewer/minutes/xml.do?id=56430&type=summary,https://record.assembly.go.kr/assembly/viewer/minutes/download/pdf.do?id=56430,1370356
22,2026-03-24,56430,상임위원회,과학기술정보방송통신위원회 정보통신방송법안심사소위원회,제22대 제433회 제3차 과학기술정보방송통신위원회 정보통신방송법안심사소위원회 (2026년 03월 24일),2,20,20. 정보통신망 이용촉진 및 정보보호 등에 관한 법률 일부개정법률안(윤건영 의원 대표발의)(의안번호 2201798),null,null,https://record.assembly.go.kr/assembly/viewer/minutes/xml.do?id=56430&type=summary,https://record.assembly.go.kr/assembly/viewer/minutes/download/pdf.do?id=56430,1370356
22,2026-03-24,56430,상임위원회,과학기술정보방송통신위원회 정보통신방송법안심사소위원회,제22대 제433회 제3차 과학기술정보방송통신위원회 정보통신방송법안심사소위원회 (2026년 03월 24일),2,21,21. 정보통신망 이용촉진 및 정보보호 등에 관한 법률 일부개정법률안(김장겸 의원 대표발의)(의안번호 2201816),null,null,https://record.assembly.go.kr/assembly/viewer/minutes/xml.do?id=56430&type=summary,https://record.assembly.go.kr/assembly/viewer/minutes/download/pdf.do?id=56430,1370356
22,2026-03-24,56430,상임위원회,과학기술정보방송통신위원회 정보통신방송법안심사소위원회,제22대 제433회 제3차 과학기술정보방송통신위원회 정보통신방송법안심사소위원회 (2026년 03월 24일),2,22,22. 정보통신망 이용촉진 및 정보보호 등에 관한 법률 일부개정법률안(안철수 의원 대표발의)(의안번호 2202630),null,null,https://record.assembly.go.kr/assembly/viewer/minutes/xml.do?id=56430&type=summary,https://record.assembly.go.kr/assembly/viewer/minutes/download/pdf.do?id=56430,1370356
22,2026-03-24,56430,상임위원회,과학기술정보방송통신위원회 정보통신방송법안심사소위원회,제22대 제433회 제3차 과학기술정보방송통신위원회 정보통신방송법안심사소위원회 (2026년 03월 24일),2,23,23. 정보통신망 이용촉진 및 정보보호 등에 관한 법률 일부개정법률안(조정훈 의원 대표발의)(의안번호 2202761),null,null,https://record.assembly.go.kr/assembly/viewer/minutes/xml.do?id=56430&type=summary,https://record.assembly.go.kr/assembly/viewer/minutes/download/pdf.do?id=56430,1370356
22,2026-03-24,56430,상임위원회,과학기술정보방송통신위원회 정보통신방송법안심사소위원회,제22대 제433회 제3차 과학기술정보방송통신위원회 정보통신방송법안심사소위원회 (2026년 03월 24일),2,24,24. 정보통신망 이용촉진 및 정보보호 등에 관한 법률 일부개정법률안(김태선 의원 대표발의)(의안번호 2203983),null,null,https://record.assembly.go.kr/assembly/viewer/minutes/xml.do?id=56430&type=summary,https://record.assembly.go.kr/assembly/viewer/minutes/download/pdf.do?id=56430,1370356
22,2026-03-24,56430,상임위원회,과학기술정보방송통신위원회 정보통신방송법안심사소위원회,제22대 제433회 제3차 과학기술정보방송통신위원회 정보통신방송법안심사소위원회 (2026년 03월 24일),2,25,25. 정보통신망 이용촉진 및 정보보호 등에 관한 법률 일부개정법률안(이연희 의원 대표발의)(의안번호 2217369),null,null,https://record.assembly.go.kr/assembly/viewer/minutes/xml.do?id=56430&type=summary,https://record.assembly.go.kr/assembly/viewer/minutes/download/pdf.do?id=56430,1370356
22,2026-03-17,56367,상임위원회,과학기술정보방송통신위원회 과학기술원자력법안심사소위원회,제22대 제433회 제2차 과학기술정보방송통신위원회 과학기술원자력법안심사소위원회 (2026년 03월 17일),2,1,1. 우주개발 진흥법 일부개정법률안(서천호 의원 대표발의)(의안번호 2215563),null,null,https://record.assembly.go.kr/assembly/viewer/minutes/xml.do?id=56367&type=summary,https://record.assembly.go.kr/assembly/viewer/minutes/download/pdf.do?id=56367,1369637
22,2026-03-17,56367,상임위원회,과학기술정보방송통신위원회 과학기술원자력법안심사소위원회,제22대 제433회 제2차 과학기술정보방송통신위원회 과학기술원자력법안심사소위원회 (2026년 03월 17일),2,2,2. 우주개발 진흥법 일부개정법률안(김위상 의원 대표발의)(의안번호 2215626),null,null,https://record.assembly.go.kr/assembly/viewer/minutes/xml.do?id=56367&type=summary,https://record.assembly.go.kr/assembly/viewer/minutes/download/pdf.do?id=56367,1369637
22,2026-03-17,56367,상임위원회,과학기술정보방송통신위원회 과학기술원자력법안심사소위원회,제22대 제433회 제2차 과학기술정보방송통신위원회 과학기술원자력법안심사소위원회 (2026년 03월 17일),2,3,3. 과학기술분야 정부출연연구기관 등의 설립·운영 및 육성에 관한 법률 일부개정법률안(최수진 의원 대표발의)(의안번호 2214219),null,null,https://record.assembly.go.kr/assembly/viewer/minutes/xml.do?id=56367&type=summary,https://record.assembly.go.kr/assembly/viewer/minutes/download/pdf.do?id=56367,1369637
22,2026-03-17,56367,상임위원회,과학기술정보방송통신위원회 과학기술원자력법안심사소위원회,제22대 제433회 제2차 과학기술정보방송통신위원회 과학기술원자력법안심사소위원회 (2026년 03월 17일),2,4,4. 연구개발특구의 육성에 관한 특별법 일부개정법률안(장철민 의원 대표발의)(의안번호 2215630),null,null,https://record.assembly.go.kr/assembly/viewer/minutes/xml.do?id=56367&type=summary,https://record.assembly.go.kr/assembly/viewer/minutes/download/pdf.do?id=56367,1369637
22,2026-03-17,56367,상임위원회,과학기술정보방송통신위원회 과학기술원자력법안심사소위원회,제22대 제433회 제2차 과학기술정보방송통신위원회 과학기술원자력법안심사소위원회 (2026년 03월 17일),2,5,5. 과학기술기본법 일부개정법률안(이훈기 의원 대표발의)(의안번호 2213639),null,null,https://record.assembly.go.kr/assembly/viewer/minutes/xml.do?id=56367&type=summary,https://record.assembly.go.kr/assembly/viewer/minutes/download/pdf.do?id=56367,1369637
22,2026-03-17,56367,상임위원회,과학기술정보방송통신위원회 과학기술원자력법안심사소위원회,제22대 제433회 제2차 과학기술정보방송통신위원회 과학기술원자력법안심사소위원회 (2026년 03월 17일),2,6,6. 과학기술기본법 일부개정법률안(권향엽 의원 대표발의)(의안번호 2216248),null,null,https://record.assembly.go.kr/assembly/viewer/minutes/xml.do?id=56367&type=summary,https://record.assembly.go.kr/assembly/viewer/minutes/download/pdf.do?id=56367,1369637
22,2026-03-17,56367,상임위원회,과학기술정보방송통신위원회 과학기술원자력법안심사소위원회,제22대 제433회 제2차 과학기술정보방송통신위원회 과학기술원자력법안심사소위원회 (2026년 03월 17일),2,7,7. 국가연구개발혁신법 일부개정법률안(김태선 의원 대표발의)(의안번호 2209195),null,null,https://record.assembly.go.kr/assembly/viewer/minutes/xml.do?id=56367&type=summary,https://record.assembly.go.kr/assembly/viewer/minutes/download/pdf.do?id=56367,1369637
22,2026-03-17,56367,상임위원회,과학기술정보방송통신위원회 과학기술원자력법안심사소위원회,제22대 제433회 제2차 과학기술정보방송통신위원회 과학기술원자력법안심사소위원회 (2026년 03월 17일),2,8,8. 국가연구개발혁신법 일부개정법률안(서지영 의원 대표발의)(의안번호 2213037),null,null,https://record.assembly.go.kr/assembly/viewer/minutes/xml.do?id=56367&type=summary,https://record.assembly.go.kr/assembly/viewer/minutes/download/pdf.do?id=56367,1369637
22,2026-03-17,56367,상임위원회,과학기술정보방송통신위원회 과학기술원자력법안심사소위원회,제22대 제433회 제2차 과학기술정보방송통신위원회 과학기술원자력법안심사소위원회 (2026년 03월 17일),2,9,9. 원자력안전법 일부개정법률안(윤준병 의원 대표발의)(의안번호 2208619),null,null,https://record.assembly.go.kr/assembly/viewer/minutes/xml.do?id=56367&type=summary,https://record.assembly.go.kr/assembly/viewer/minutes/download/pdf.do?id=56367,1369637
22,2026-03-17,56367,상임위원회,과학기술정보방송통신위원회 과학기술원자력법안심사소위원회,제22대 제433회 제2차 과학기술정보방송통신위원회 과학기술원자력법안심사소위원회 (2026년 03월 17일),2,10,10. 원자력안전법 일부개정법률안(고동진 의원 대표발의)(의안번호 2209721),null,null,https://record.assembly.go.kr/assembly/viewer/minutes/xml.do?id=56367&type=summary,https://record.assembly.go.kr/assembly/viewer/minutes/download/pdf.do?id=56367,1369637
22,2026-03-17,56367,상임위원회,과학기술정보방송통신위원회 과학기술원자력법안심사소위원회,제22대 제433회 제2차 과학기술정보방송통신위원회 과학기술원자력법안심사소위원회 (2026년 03월 17일),2,11,11. 원자력안전법 일부개정법률안(오세희 의원 대표발의)(의안번호 2211070),null,null,https://record.assembly.go.kr/assembly/viewer/minutes/xml.do?id=56367&type=summary,https://record.assembly.go.kr/assembly/viewer/minutes/download/pdf.do?id=56367,1369637
22,2026-03-17,56367,상임위원회,과학기술정보방송통신위원회 과학기술원자력법안심사소위원회,제22대 제433회 제2차 과학기술정보방송통신위원회 과학기술원자력법안심사소위원회 (2026년 03월 17일),2,12,12. 원자력안전위원회의 설치 및 운영에 관한 법률 일부개정법률안(최보윤 의원 대표발의)(의안번호 2210261),null,null,https://record.assembly.go.kr/assembly/viewer/minutes/xml.do?id=56367&type=summary,https://record.assembly.go.kr/assembly/viewer/minutes/download/pdf.do?id=56367,1369637
22,2026-03-17,56367,상임위원회,과학기술정보방송통신위원회 과학기술원자력법안심사소위원회,제22대 제433회 제2차 과학기술정보방송통신위원회 과학기술원자력법안심사소위원회 (2026년 03월 17일),2,13,13. 원자력안전위원회의 설치 및 운영에 관한 법률 일부개정법률안(이훈기 의원 대표발의)(의안번호 2214013),null,null,https://record.assembly.go.kr/assembly/viewer/minutes/xml.do?id=56367&type=summary,https://record.assembly.go.kr/assembly/viewer/minutes/download/pdf.do?id=56367,1369637
22,2026-03-17,56366,상임위원회,과학기술정보방송통신위원회 정보통신방송법안심사소위원회,제22대 제433회 제2차 과학기술정보방송통신위원회 정보통신방송법안심사소위원회 (2026년 03월 17일),2,1,1. 클라우드컴퓨팅 발전 및 이용자 보호에 관한 법률 일부개정법률안(최형두 의원 대표발의)(의안번호 2216227),null,null,https://record.assembly.go.kr/assembly/viewer/minutes/xml.do?id=56366&type=summary,https://record.assembly.go.kr/assembly/viewer/minutes/download/pdf.do?id=56366,1369804
22,2026-03-17,56366,상임위원회,과학기술정보방송통신위원회 정보통신방송법안심사소위원회,제22대 제433회 제2차 과학기술정보방송통신위원회 정보통신방송법안심사소위원회 (2026년 03월 17일),2,2,2. 인공지능데이터센터 진흥 및 기반 조성에 관한 법률안(정동영 의원 대표발의)(의안번호 2210511),null,null,https://record.assembly.go.kr/assembly/viewer/minutes/xml.do?id=56366&type=summary,https://record.assembly.go.kr/assembly/viewer/minutes/download/pdf.do?id=56366,1369804
22,2026-03-17,56366,상임위원회,과학기술정보방송통신위원회 정보통신방송법안심사소위원회,제22대 제433회 제2차 과학기술정보방송통신위원회 정보통신방송법안심사소위원회 (2026년 03월 17일),2,3,3. 인공지능 데이터센터 진흥에 관한 특별법안(한민수 의원 대표발의)(의안번호 2213034),null,null,https://record.assembly.go.kr/assembly/viewer/minutes/xml.do?id=56366&type=summary,https://record.assembly.go.kr/assembly/viewer/minutes/download/pdf.do?id=56366,1369804
22,2026-03-17,56366,상임위원회,과학기술정보방송통신위원회 정보통신방송법안심사소위원회,제22대 제433회 제2차 과학기술정보방송통신위원회 정보통신방송법안심사소위원회 (2026년 03월 17일),2,4,4. 인공지능데이터센터 기반 구축 및 산업 육성에 관한 법률안(황정아 의원 대표발의)(의안번호 2213320),null,null,https://record.assembly.go.kr/assembly/viewer/minutes/xml.do?id=56366&type=summary,https://record.assembly.go.kr/assembly/viewer/minutes/download/pdf.do?id=56366,1369804
22,2026-03-17,56366,상임위원회,과학기술정보방송통신위원회 정보통신방송법안심사소위원회,제22대 제433회 제2차 과학기술정보방송통신위원회 정보통신방송법안심사소위원회 (2026년 03월 17일),2,5,5. 인공지능 데이터센터 진흥 및 기반 조성에 관한 법률안(조인철 의원 대표발의)(의안번호 2215182),null,null,https://record.assembly.go.kr/assembly/viewer/minutes/xml.do?id=56366&type=summary,https://record.assembly.go.kr/assembly/viewer/minutes/download/pdf.do?id=56366,1369804
22,2026-03-17,56366,상임위원회,과학기술정보방송통신위원회 정보통신방송법안심사소위원회,제22대 제433회 제2차 과학기술정보방송통신위원회 정보통신방송법안심사소위원회 (2026년 03월 17일),2,6,6. 인공지능 데이터센터 진흥에 대한 특별법안(이해민 의원 대표발의)(의안번호 2215928),null,null,https://record.assembly.go.kr/assembly/viewer/minutes/xml.do?id=56366&type=summary,https://record.assembly.go.kr/assembly/viewer/minutes/download/pdf.do?id=56366,1369804
22,2026-03-17,56366,상임위원회,과학기술정보방송통신위원회 정보통신방송법안심사소위원회,제22대 제433회 제2차 과학기술정보방송통신위원회 정보통신방송법안심사소위원회 (2026년 03월 17일),2,7,7. 인공지능 데이터센터 진흥 및 기반 조성에 관한 법률안(김장겸 의원 대표발의)(의안번호 2216551),null,null,https://record.assembly.go.kr/assembly/viewer/minutes/xml.do?id=56366&type=summary,https://record.assembly.go.kr/assembly/viewer/minutes/download/pdf.do?id=56366,1369804
22,2026-03-17,56366,상임위원회,과학기술정보방송통신위원회 정보통신방송법안심사소위원회,제22대 제433회 제2차 과학기술정보방송통신위원회 정보통신방송법안심사소위원회 (2026년 03월 17일),2,8,8. 소프트웨어 진흥법 일부개정법률안(박정훈 의원 대표발의)(의안번호 2212477),null,null,https://record.assembly.go.kr/assembly/viewer/minutes/xml.do?id=56366&type=summary,https://record.assembly.go.kr/assembly/viewer/minutes/download/pdf.do?id=56366,1369804
22,2026-03-17,56366,상임위원회,과학기술정보방송통신위원회 정보통신방송법안심사소위원회,제22대 제433회 제2차 과학기술정보방송통신위원회 정보통신방송법안심사소위원회 (2026년 03월 17일),2,9,9. 소프트웨어 진흥법 일부개정법률안(이해민 의원 대표발의)(의안번호 2214631),null,null,https://record.assembly.go.kr/assembly/viewer/minutes/xml.do?id=56366&type=summary,https://record.assembly.go.kr/assembly/viewer/minutes/download/pdf.do?id=56366,1369804
22,2026-03-17,56366,상임위원회,과학기술정보방송통신위원회 정보통신방송법안심사소위원회,제22대 제433회 제2차 과학기술정보방송통신위원회 정보통신방송법안심사소위원회 (2026년 03월 17일),2,10,10. 디지털크리에이터 육성 및 지원에 관한 법률안(이해민 의원 대표발의)(의안번호 2202987),null,null,https://record.assembly.go.kr/assembly/viewer/minutes/xml.do?id=56366&type=summary,https://record.assembly.go.kr/assembly/viewer/minutes/download/pdf.do?id=56366,1369804
22,2026-03-17,56366,상임위원회,과학기술정보방송통신위원회 정보통신방송법안심사소위원회,제22대 제433회 제2차 과학기술정보방송통신위원회 정보통신방송법안심사소위원회 (2026년 03월 17일),2,11,11. 디지털크리에이터(1인 미디어 창작자)산업 진흥법안(최형두 의원 대표발의)(의안번호 2209306),null,null,https://record.assembly.go.kr/assembly/viewer/minutes/xml.do?id=56366&type=summary,https://record.assembly.go.kr/assembly/viewer/minutes/download/pdf.do?id=56366,1369804
22,2026-03-17,56366,상임위원회,과학기술정보방송통신위원회 정보통신방송법안심사소위원회,제22대 제433회 제2차 과학기술정보방송통신위원회 정보통신방송법안심사소위원회 (2026년 03월 17일),2,12,12. 디지털크리에이터 권리보호 및 육성에 관한 법률안(정동영 의원 대표발의)(의안번호 2211174),null,null,https://record.assembly.go.kr/assembly/viewer/minutes/xml.do?id=56366&type=summary,https://record.assembly.go.kr/assembly/viewer/minutes/download/pdf.do?id=56366,1369804
22,2026-03-17,56366,상임위원회,과학기술정보방송통신위원회 정보통신방송법안심사소위원회,제22대 제433회 제2차 과학기술정보방송통신위원회 정보통신방송법안심사소위원회 (2026년 03월 17일),2,13,13. 방송광고판매대행 등에 관한 법률 일부개정법률안(이훈기 의원 대표발의)(의안번호 2214365),null,null,https://record.assembly.go.kr/assembly/viewer/minutes/xml.do?id=56366&type=summary,https://record.assembly.go.kr/assembly/viewer/minutes/download/pdf.do?id=56366,1369804
22,2026-03-17,56366,상임위원회,과학기술정보방송통신위원회 정보통신방송법안심사소위원회,제22대 제433회 제2차 과학기술정보방송통신위원회 정보통신방송법안심사소위원회 (2026년 03월 17일),2,14,14. 방송미디어통신위원회의 설치 및 운영에 관한 법률 일부개정법률안(조인철 의원 대표발의)(의안번호 2216185),null,null,https://record.assembly.go.kr/assembly/viewer/minutes/xml.do?id=56366&type=summary,https://record.assembly.go.kr/assembly/viewer/minutes/download/pdf.do?id=56366,1369804
22,2026-03-17,56366,상임위원회,과학기술정보방송통신위원회 정보통신방송법안심사소위원회,제22대 제433회 제2차 과학기술정보방송통신위원회 정보통신방송법안심사소위원회 (2026년 03월 17일),2,15,15. 방송미디어통신위원회의 설치 및 운영에 관한 법률 일부개정법률안(김상훈 의원 대표발의)(의안번호 2216242),null,null,https://record.assembly.go.kr/assembly/viewer/minutes/xml.do?id=56366&type=summary,https://record.assembly.go.kr/assembly/viewer/minutes/download/pdf.do?id=56366,1369804
22,2026-03-17,56366,상임위원회,과학기술정보방송통신위원회 정보통신방송법안심사소위원회,제22대 제433회 제2차 과학기술정보방송통신위원회 정보통신방송법안심사소위원회 (2026년 03월 17일),2,16,16. 방송미디어통신위원회의 설치 및 운영에 관한 법률 일부개정법률안(이만희 의원 대표발의)(의안번호 2214361),null,null,https://record.assembly.go.kr/assembly/viewer/minutes/xml.do?id=56366&type=summary,https://record.assembly.go.kr/assembly/viewer/minutes/download/pdf.do?id=56366,1369804
22,2026-03-17,56366,상임위원회,과학기술정보방송통신위원회 정보통신방송법안심사소위원회,제22대 제433회 제2차 과학기술정보방송통신위원회 정보통신방송법안심사소위원회 (2026년 03월 17일),2,17,17. 방송법 일부개정법률안(김윤 의원 대표발의)(의안번호 2205287),null,null,https://record.assembly.go.kr/assembly/viewer/minutes/xml.do?id=56366&type=summary,https://record.assembly.go.kr/assembly/viewer/minutes/download/pdf.do?id=56366,1369804
22,2026-03-17,56366,상임위원회,과학기술정보방송통신위원회 정보통신방송법안심사소위원회,제22대 제433회 제2차 과학기술정보방송통신위원회 정보통신방송법안심사소위원회 (2026년 03월 17일),2,18,18. 방송법 일부개정법률안(이주희 의원 대표발의)(의안번호 2215615),null,null,https://record.assembly.go.kr/assembly/viewer/minutes/xml.do?id=56366&type=summary,https://record.assembly.go.kr/assembly/viewer/minutes/download/pdf.do?id=56366,1369804
22,2026-03-17,56366,상임위원회,과학기술정보방송통신위원회 정보통신방송법안심사소위원회,제22대 제433회 제2차 과학기술정보방송통신위원회 정보통신방송법안심사소위원회 (2026년 03월 17일),2,19,19. 우정사업 운영에 관한 특례법 일부개정법률안(이정헌 의원 대표발의)(의안번호 2213870),null,null,https://record.assembly.go.kr/assembly/viewer/minutes/xml.do?id=56366&type=summary,https://record.assembly.go.kr/assembly/viewer/minutes/download/pdf.do?id=56366,1369804
22,2026-03-17,56366,상임위원회,과학기술정보방송통신위원회 정보통신방송법안심사소위원회,제22대 제433회 제2차 과학기술정보방송통신위원회 정보통신방송법안심사소위원회 (2026년 03월 17일),2,20,20. 우체국보험특별회계법 일부개정법률안(이정헌 의원 대표발의)(의안번호 2213872),null,null,https://record.assembly.go.kr/assembly/viewer/minutes/xml.do?id=56366&type=summary,https://record.assembly.go.kr/assembly/viewer/minutes/download/pdf.do?id=56366,1369804
22,2026-03-17,56366,상임위원회,과학기술정보방송통신위원회 정보통신방송법안심사소위원회,제22대 제433회 제2차 과학기술정보방송통신위원회 정보통신방송법안심사소위원회 (2026년 03월 17일),2,21,21. 전기통신사업법 일부개정법률안(박충권 의원 대표발의)(의안번호 2201305),null,null,https://record.assembly.go.kr/assembly/viewer/minutes/xml.do?id=56366&type=summary,https://record.assembly.go.kr/assembly/viewer/minutes/download/pdf.do?id=56366,1369804
22,2026-03-17,56366,상임위원회,과학기술정보방송통신위원회 정보통신방송법안심사소위원회,제22대 제433회 제2차 과학기술정보방송통신위원회 정보통신방송법안심사소위원회 (2026년 03월 17일),2,22,22. 전기통신사업법 일부개정법률안(박충권 의원 대표발의)(의안번호 2201389),null,null,https://record.assembly.go.kr/assembly/viewer/minutes/xml.do?id=56366&type=summary,https://record.assembly.go.kr/assembly/viewer/minutes/download/pdf.do?id=56366,1369804
22,2026-03-17,56366,상임위원회,과학기술정보방송통신위원회 정보통신방송법안심사소위원회,제22대 제433회 제2차 과학기술정보방송통신위원회 정보통신방송법안심사소위원회 (2026년 03월 17일),2,23,23. 전기통신사업법 일부개정법률안(이정헌 의원 대표발의)(의안번호 2202843),null,null,https://record.assembly.go.kr/assembly/viewer/minutes/xml.do?id=56366&type=summary,https://record.assembly.go.kr/assembly/viewer/minutes/download/pdf.do?id=56366,1369804
22,2026-03-17,56366,상임위원회,과학기술정보방송통신위원회 정보통신방송법안심사소위원회,제22대 제433회 제2차 과학기술정보방송통신위원회 정보통신방송법안심사소위원회 (2026년 03월 17일),2,24,24. 전기통신사업법 일부개정법률안(김현정 의원 대표발의)(의안번호 2203022),null,null,https://record.assembly.go.kr/assembly/viewer/minutes/xml.do?id=56366&type=summary,https://record.assembly.go.kr/assembly/viewer/minutes/download/pdf.do?id=56366,1369804
22,2026-03-17,56366,상임위원회,과학기술정보방송통신위원회 정보통신방송법안심사소위원회,제22대 제433회 제2차 과학기술정보방송통신위원회 정보통신방송법안심사소위원회 (2026년 03월 17일),2,25,25. 전기통신사업법 일부개정법률안(박정훈 의원 대표발의)(의안번호 2208918),null,null,https://record.assembly.go.kr/assembly/viewer/minutes/xml.do?id=56366&type=summary,https://record.assembly.go.kr/assembly/viewer/minutes/download/pdf.do?id=56366,1369804
22,2026-03-17,56366,상임위원회,과학기술정보방송통신위원회 정보통신방송법안심사소위원회,제22대 제433회 제2차 과학기술정보방송통신위원회 정보통신방송법안심사소위원회 (2026년 03월 17일),2,26,26. 전기통신사업법 일부개정법률안(한민수 의원 대표발의)(의안번호 2209151),null,null,https://record.assembly.go.kr/assembly/viewer/minutes/xml.do?id=56366&type=summary,https://record.assembly.go.kr/assembly/viewer/minutes/download/pdf.do?id=56366,1369804
22,2026-03-17,56366,상임위원회,과학기술정보방송통신위원회 정보통신방송법안심사소위원회,제22대 제433회 제2차 과학기술정보방송통신위원회 정보통신방송법안심사소위원회 (2026년 03월 17일),2,27,27. 전기통신사업법 일부개정법률안(최수진 의원 대표발의)(의안번호 2210504),null,null,https://record.assembly.go.kr/assembly/viewer/minutes/xml.do?id=56366&type=summary,https://record.assembly.go.kr/assembly/viewer/minutes/download/pdf.do?id=56366,1369804
22,2026-03-17,56366,상임위원회,과학기술정보방송통신위원회 정보통신방송법안심사소위원회,제22대 제433회 제2차 과학기술정보방송통신위원회 정보통신방송법안심사소위원회 (2026년 03월 17일),2,28,28. 전기통신사업법 일부개정법률안(최민희 의원 대표발의)(의안번호 2210597),null,null,https://record.assembly.go.kr/assembly/viewer/minutes/xml.do?id=56366&type=summary,https://record.assembly.go.kr/assembly/viewer/minutes/download/pdf.do?id=56366,1369804
22,2026-03-17,56366,상임위원회,과학기술정보방송통신위원회 정보통신방송법안심사소위원회,제22대 제433회 제2차 과학기술정보방송통신위원회 정보통신방송법안심사소위원회 (2026년 03월 17일),2,29,29. 전기통신사업법 일부개정법률안(김태선 의원 대표발의)(의안번호 2203979),null,null,https://record.assembly.go.kr/assembly/viewer/minutes/xml.do?id=56366&type=summary,https://record.assembly.go.kr/assembly/viewer/minutes/download/pdf.do?id=56366,1369804
22,2026-03-17,56366,상임위원회,과학기술정보방송통신위원회 정보통신방송법안심사소위원회,제22대 제433회 제2차 과학기술정보방송통신위원회 정보통신방송법안심사소위원회 (2026년 03월 17일),2,30,30. 전기통신사업법 일부개정법률안(조인철 의원 대표발의)(의안번호 2214741),null,null,https://record.assembly.go.kr/assembly/viewer/minutes/xml.do?id=56366&type=summary,https://record.assembly.go.kr/assembly/viewer/minutes/download/pdf.do?id=56366,1369804
22,2026-03-17,56366,상임위원회,과학기술정보방송통신위원회 정보통신방송법안심사소위원회,제22대 제433회 제2차 과학기술정보방송통신위원회 정보통신방송법안심사소위원회 (2026년 03월 17일),2,31,31. 전기통신사업법 일부개정법률안(조인철 의원 대표발의)(의안번호 2215242),null,null,https://record.assembly.go.kr/assembly/viewer/minutes/xml.do?id=56366&type=summary,https://record.assembly.go.kr/assembly/viewer/minutes/download/pdf.do?id=56366,1369804
22,2026-03-17,56366,상임위원회,과학기술정보방송통신위원회 정보통신방송법안심사소위원회,제22대 제433회 제2차 과학기술정보방송통신위원회 정보통신방송법안심사소위원회 (2026년 03월 17일),2,32,32. 전기통신사업법 일부개정법률안(김장겸 의원 대표발의)(의안번호 2215628),null,null,https://record.assembly.go.kr/assembly/viewer/minutes/xml.do?id=56366&type=summary,https://record.assembly.go.kr/assembly/viewer/minutes/download/pdf.do?id=56366,1369804
22,2026-03-17,56366,상임위원회,과학기술정보방송통신위원회 정보통신방송법안심사소위원회,제22대 제433회 제2차 과학기술정보방송통신위원회 정보통신방송법안심사소위원회 (2026년 03월 17일),2,33,33. 전기통신사업법 일부개정법률안(김장겸 의원 대표발의)(의안번호 2215658),null,null,https://record.assembly.go.kr/assembly/viewer/minutes/xml.do?id=56366&type=summary,https://record.assembly.go.kr/assembly/viewer/minutes/download/pdf.do?id=56366,1369804
22,2026-03-17,56366,상임위원회,과학기술정보방송통신위원회 정보통신방송법안심사소위원회,제22대 제433회 제2차 과학기술정보방송통신위원회 정보통신방송법안심사소위원회 (2026년 03월 17일),2,34,34. 전파법 일부개정법률안(이훈기 의원 대표발의)(의안번호 2214360),null,null,https://record.assembly.go.kr/assembly/viewer/minutes/xml.do?id=56366&type=summary,https://record.assembly.go.kr/assembly/viewer/minutes/download/pdf.do?id=56366,1369804
22,2026-03-11,56351,상임위원회,과학기술정보방송통신위원회,제22대 제433회 제1차 과학기술정보방송통신위원회 (2026년 03월 11일),2,1,1. 과학기술분야 정부출연연구기관 등의 설립·운영 및 육성에 관한 법률 일부개정법률안(조인철 의원 대표발의)(의안번호 2214229),null,http://w3.assembly.go.kr/main/player.do?menu=1&mc=356&ct1=22&ct2=433&ct3=01&wv=1,https://record.assembly.go.kr/assembly/viewer/minutes/xml.do?id=56351&type=summary,https://record.assembly.go.kr/assembly/viewer/minutes/download/pdf.do?id=56351,1369477
22,2026-03-11,56351,상임위원회,과학기술정보방송통신위원회,제22대 제433회 제1차 과학기술정보방송통신위원회 (2026년 03월 11일),2,2,2. 과학기술분야 정부출연연구기관 등의 설립·운영 및 육성에 관한 법률 일부개정법률안(권향엽 의원 대표발의)(의안번호 2216249),null,http://w3.assembly.go.kr/main/player.do?menu=1&mc=356&ct1=22&ct2=433&ct3=01&wv=1,https://record.assembly.go.kr/assembly/viewer/minutes/xml.do?id=56351&type=summary,https://record.assembly.go.kr/assembly/viewer/minutes/download/pdf.do?id=56351,1369477
22,2026-03-11,56351,상임위원회,과학기술정보방송통신위원회,제22대 제433회 제1차 과학기술정보방송통신위원회 (2026년 03월 11일),2,3,3. 과학기술분야 정부출연연구기관 등의 설립·운영 및 육성에 관한 법률 일부개정법률안(대안),null,http://w3.assembly.go.kr/main/player.do?menu=1&mc=356&ct1=22&ct2=433&ct3=01&wv=1,https://record.assembly.go.kr/assembly/viewer/minutes/xml.do?id=56351&type=summary,https://record.assembly.go.kr/assembly/viewer/minutes/download/pdf.do?id=56351,1369477
22,2026-03-11,56351,상임위원회,과학기술정보방송통신위원회,제22대 제433회 제1차 과학기술정보방송통신위원회 (2026년 03월 11일),2,4,4. 국가과학기술 경쟁력 강화를 위한 이공계지원 특별법 일부개정법률안(최민희 의원·이상휘 의원 대표발의)(의안번호 2215430),null,http://w3.assembly.go.kr/main/player.do?menu=1&mc=356&ct1=22&ct2=433&ct3=01&wv=1,https://record.assembly.go.kr/assembly/viewer/minutes/xml.do?id=56351&type=summary,https://record.assembly.go.kr/assembly/viewer/minutes/download/pdf.do?id=56351,1369477
22,2026-03-11,56351,상임위원회,과학기술정보방송통신위원회,제22대 제433회 제1차 과학기술정보방송통신위원회 (2026년 03월 11일),2,5,5. 국가과학기술 경쟁력 강화를 위한 이공계지원 특별법 일부개정법률안(황정아 의원 대표발의)(의안번호 2216168),null,http://w3.assembly.go.kr/main/player.do?menu=1&mc=356&ct1=22&ct2=433&ct3=01&wv=1,https://record.assembly.go.kr/assembly/viewer/minutes/xml.do?id=56351&type=summary,https://record.assembly.go.kr/assembly/viewer/minutes/download/pdf.do?id=56351,1369477
22,2026-03-11,56351,상임위원회,과학기술정보방송통신위원회,제22대 제433회 제1차 과학기술정보방송통신위원회 (2026년 03월 11일),2,6,6. 국가과학기술 경쟁력 강화를 위한 이공계지원 특별법 일부개정법률안(대안),null,http://w3.assembly.go.kr/main/player.do?menu=1&mc=356&ct1=22&ct2=433&ct3=01&wv=1,https://record.assembly.go.kr/assembly/viewer/minutes/xml.do?id=56351&type=summary,https://record.assembly.go.kr/assembly/viewer/minutes/download/pdf.do?id=56351,1369477
22,2026-03-11,56351,상임위원회,과학기술정보방송통신위원회,제22대 제433회 제1차 과학기술정보방송통신위원회 (2026년 03월 11일),2,7,7. 기후변화대응 기술개발 촉진법 일부개정법률안(김선교 의원 대표발의)(의안번호 2215601),null,http://w3.assembly.go.kr/main/player.do?menu=1&mc=356&ct1=22&ct2=433&ct3=01&wv=1,https://record.assembly.go.kr/assembly/viewer/minutes/xml.do?id=56351&type=summary,https://record.assembly.go.kr/assembly/viewer/minutes/download/pdf.do?id=56351,1369477
22,2026-03-11,56351,상임위원회,과학기술정보방송통신위원회,제22대 제433회 제1차 과학기술정보방송통신위원회 (2026년 03월 11일),2,8,8. 양자과학기술 및 양자산업 육성에 관한 법률 일부개정법률안(최민희 의원 대표발의)(의안번호 2216371),null,http://w3.assembly.go.kr/main/player.do?menu=1&mc=356&ct1=22&ct2=433&ct3=01&wv=1,https://record.assembly.go.kr/assembly/viewer/minutes/xml.do?id=56351&type=summary,https://record.assembly.go.kr/assembly/viewer/minutes/download/pdf.do?id=56351,1369477
22,2026-03-11,56351,상임위원회,과학기술정보방송통신위원회,제22대 제433회 제1차 과학기술정보방송통신위원회 (2026년 03월 11일),2,9,9. 우주개발 진흥법 일부개정법률안(정부 제출)(의안번호 2210027),null,http://w3.assembly.go.kr/main/player.do?menu=1&mc=356&ct1=22&ct2=433&ct3=01&wv=1,https://record.assembly.go.kr/assembly/viewer/minutes/xml.do?id=56351&type=summary,https://record.assembly.go.kr/assembly/viewer/minutes/download/pdf.do?id=56351,1369477
22,2026-03-11,56351,상임위원회,과학기술정보방송통신위원회,제22대 제433회 제1차 과학기술정보방송통신위원회 (2026년 03월 11일),2,10,10. 우주개발 진흥법 일부개정법률안(황희 의원 대표발의)(의안번호 2210341),null,http://w3.assembly.go.kr/main/player.do?menu=1&mc=356&ct1=22&ct2=433&ct3=01&wv=1,https://record.assembly.go.kr/assembly/viewer/minutes/xml.do?id=56351&type=summary,https://record.assembly.go.kr/assembly/viewer/minutes/download/pdf.do?id=56351,1369477
22,2026-03-11,56351,상임위원회,과학기술정보방송통신위원회,제22대 제433회 제1차 과학기술정보방송통신위원회 (2026년 03월 11일),2,11,11. 우주개발 진흥법 일부개정법률안(한민수 의원 대표발의)(의안번호 2215208),null,http://w3.assembly.go.kr/main/player.do?menu=1&mc=356&ct1=22&ct2=433&ct3=01&wv=1,https://record.assembly.go.kr/assembly/viewer/minutes/xml.do?id=56351&type=summary,https://record.assembly.go.kr/assembly/viewer/minutes/download/pdf.do?id=56351,1369477
22,2026-03-11,56351,상임위원회,과학기술정보방송통신위원회,제22대 제433회 제1차 과학기술정보방송통신위원회 (2026년 03월 11일),2,12,12. 우주개발 진흥법 일부개정법률안(대안),null,http://w3.assembly.go.kr/main/player.do?menu=1&mc=356&ct1=22&ct2=433&ct3=01&wv=1,https://record.assembly.go.kr/assembly/viewer/minutes/xml.do?id=56351&type=summary,https://record.assembly.go.kr/assembly/viewer/minutes/download/pdf.do?id=56351,1369477
22,2026-03-11,56351,상임위원회,과학기술정보방송통신위원회,제22대 제433회 제1차 과학기술정보방송통신위원회 (2026년 03월 11일),2,13,13. 원자력 진흥법 일부개정법률안(정부 제출)(의안번호 2216237),null,http://w3.assembly.go.kr/main/player.do?menu=1&mc=356&ct1=22&ct2=433&ct3=01&wv=1,https://record.assembly.go.kr/assembly/viewer/minutes/xml.do?id=56351&type=summary,https://record.assembly.go.kr/assembly/viewer/minutes/download/pdf.do?id=56351,1369477
22,2026-03-11,56351,상임위원회,과학기술정보방송통신위원회,제22대 제433회 제1차 과학기술정보방송통신위원회 (2026년 03월 11일),2,14,14. 원자력안전법 일부개정법률안(정부 제출)(의안번호 2212466),null,http://w3.assembly.go.kr/main/player.do?menu=1&mc=356&ct1=22&ct2=433&ct3=01&wv=1,https://record.assembly.go.kr/assembly/viewer/minutes/xml.do?id=56351&type=summary,https://record.assembly.go.kr/assembly/viewer/minutes/download/pdf.do?id=56351,1369477
22,2026-03-11,56351,상임위원회,과학기술정보방송통신위원회,제22대 제433회 제1차 과학기술정보방송통신위원회 (2026년 03월 11일),2,15,15. 원자력안전법 일부개정법률안(황정아 의원 대표발의)(의안번호 2213996),null,http://w3.assembly.go.kr/main/player.do?menu=1&mc=356&ct1=22&ct2=433&ct3=01&wv=1,https://record.assembly.go.kr/assembly/viewer/minutes/xml.do?id=56351&type=summary,https://record.assembly.go.kr/assembly/viewer/minutes/download/pdf.do?id=56351,1369477
22,2026-03-11,56351,상임위원회,과학기술정보방송통신위원회,제22대 제433회 제1차 과학기술정보방송통신위원회 (2026년 03월 11일),2,16,16. 원자력안전법 일부개정법률안(이해민 의원 대표발의)(의안번호 2214370),null,http://w3.assembly.go.kr/main/player.do?menu=1&mc=356&ct1=22&ct2=433&ct3=01&wv=1,https://record.assembly.go.kr/assembly/viewer/minutes/xml.do?id=56351&type=summary,https://record.assembly.go.kr/assembly/viewer/minutes/download/pdf.do?id=56351,1369477
22,2026-03-11,56351,상임위원회,과학기술정보방송통신위원회,제22대 제433회 제1차 과학기술정보방송통신위원회 (2026년 03월 11일),2,17,17. 원자력안전법 일부개정법률안(최수진 의원 대표발의)(의안번호 2215463),null,http://w3.assembly.go.kr/main/player.do?menu=1&mc=356&ct1=22&ct2=433&ct3=01&wv=1,https://record.assembly.go.kr/assembly/viewer/minutes/xml.do?id=56351&type=summary,https://record.assembly.go.kr/assembly/viewer/minutes/download/pdf.do?id=56351,1369477
22,2026-03-11,56351,상임위원회,과학기술정보방송통신위원회,제22대 제433회 제1차 과학기술정보방송통신위원회 (2026년 03월 11일),2,18,18. 원자력안전법 일부개정법률안(대안),null,http://w3.assembly.go.kr/main/player.do?menu=1&mc=356&ct1=22&ct2=433&ct3=01&wv=1,https://record.assembly.go.kr/assembly/viewer/minutes/xml.do?id=56351&type=summary,https://record.assembly.go.kr/assembly/viewer/minutes/download/pdf.do?id=56351,1369477
22,2026-03-11,56351,상임위원회,과학기술정보방송통신위원회,제22대 제433회 제1차 과학기술정보방송통신위원회 (2026년 03월 11일),2,19,19. 지역과학기술혁신법안(박충권 의원 대표발의)(의안번호 2200095),null,http://w3.assembly.go.kr/main/player.do?menu=1&mc=356&ct1=22&ct2=433&ct3=01&wv=1,https://record.assembly.go.kr/assembly/viewer/minutes/xml.do?id=56351&type=summary,https://record.assembly.go.kr/assembly/viewer/minutes/download/pdf.do?id=56351,1369477
22,2026-03-11,56351,상임위원회,과학기술정보방송통신위원회,제22대 제433회 제1차 과학기술정보방송통신위원회 (2026년 03월 11일),2,20,20. 지역주도 과학기술혁신 촉진에 관한 법률안(조인철 의원 대표발의)(의안번호 2216657),null,http://w3.assembly.go.kr/main/player.do?menu=1&mc=356&ct1=22&ct2=433&ct3=01&wv=1,https://record.assembly.go.kr/assembly/viewer/minutes/xml.do?id=56351&type=summary,https://record.assembly.go.kr/assembly/viewer/minutes/download/pdf.do?id=56351,1369477
22,2026-03-11,56351,상임위원회,과학기술정보방송통신위원회,제22대 제433회 제1차 과학기술정보방송통신위원회 (2026년 03월 11일),2,21,21. 지역주도 과학기술혁신 촉진에 관한 법률안(대안),null,http://w3.assembly.go.kr/main/player.do?menu=1&mc=356&ct1=22&ct2=433&ct3=01&wv=1,https://record.assembly.go.kr/assembly/viewer/minutes/xml.do?id=56351&type=summary,https://record.assembly.go.kr/assembly/viewer/minutes/download/pdf.do?id=56351,1369477
22,2026-03-11,56351,상임위원회,과학기술정보방송통신위원회,제22대 제433회 제1차 과학기술정보방송통신위원회 (2026년 03월 11일),2,22,22. 항공우주산업개발 촉진법 일부개정법률안(정부 제출)(의안번호 2216236),null,http://w3.assembly.go.kr/main/player.do?menu=1&mc=356&ct1=22&ct2=433&ct3=01&wv=1,https://record.assembly.go.kr/assembly/viewer/minutes/xml.do?id=56351&type=summary,https://record.assembly.go.kr/assembly/viewer/minutes/download/pdf.do?id=56351,1369477
22,2026-03-10,56352,상임위원회,과학기술정보방송통신위원회 과학기술원자력법안심사소위원회,제22대 제433회 제1차 과학기술정보방송통신위원회 과학기술원자력법안심사소위원회 (2026년 03월 10일),2,1,1. 양자과학기술 및 양자산업 육성에 관한 법률 일부개정법률안(최민희 의원 대표발의)(의안번호 2216371),null,null,https://record.assembly.go.kr/assembly/viewer/minutes/xml.do?id=56352&type=summary,https://record.assembly.go.kr/assembly/viewer/minutes/download/pdf.do?id=56352,1369461
22,2026-03-10,56352,상임위원회,과학기술정보방송통신위원회 과학기술원자력법안심사소위원회,제22대 제433회 제1차 과학기술정보방송통신위원회 과학기술원자력법안심사소위원회 (2026년 03월 10일),2,2,2. 과학기술분야 정부출연연구기관 등의 설립·운영 및 육성에 관한 법률 일부개정법률안(권향엽 의원 대표발의)(의안번호 2216249),null,null,https://record.assembly.go.kr/assembly/viewer/minutes/xml.do?id=56352&type=summary,https://record.assembly.go.kr/assembly/viewer/minutes/download/pdf.do?id=56352,1369461
22,2026-03-10,56352,상임위원회,과학기술정보방송통신위원회 과학기술원자력법안심사소위원회,제22대 제433회 제1차 과학기술정보방송통신위원회 과학기술원자력법안심사소위원회 (2026년 03월 10일),2,3,3. 과학기술분야 정부출연연구기관 등의 설립·운영 및 육성에 관한 법률 일부개정법률안(조인철 의원 대표발의)(의안번호 2214229),null,null,https://record.assembly.go.kr/assembly/viewer/minutes/xml.do?id=56352&type=summary,https://record.assembly.go.kr/assembly/viewer/minutes/download/pdf.do?id=56352,1369461
22,2026-03-10,56352,상임위원회,과학기술정보방송통신위원회 과학기술원자력법안심사소위원회,제22대 제433회 제1차 과학기술정보방송통신위원회 과학기술원자력법안심사소위원회 (2026년 03월 10일),2,4,4. 한국연구재단법 일부개정법률안(이훈기 의원 대표발의)(의안번호 2214377),null,null,https://record.assembly.go.kr/assembly/viewer/minutes/xml.do?id=56352&type=summary,https://record.assembly.go.kr/assembly/viewer/minutes/download/pdf.do?id=56352,1369461
22,2026-03-10,56352,상임위원회,과학기술정보방송통신위원회 과학기술원자력법안심사소위원회,제22대 제433회 제1차 과학기술정보방송통신위원회 과학기술원자력법안심사소위원회 (2026년 03월 10일),2,5,5. 국가과학기술 경쟁력 강화를 위한 이공계지원 특별법 일부개정법률안(최민희 의원·이상휘 의원 대표발의)(의안번호 2215430),null,null,https://record.assembly.go.kr/assembly/viewer/minutes/xml.do?id=56352&type=summary,https://record.assembly.go.kr/assembly/viewer/minutes/download/pdf.do?id=56352,1369461
22,2026-03-10,56352,상임위원회,과학기술정보방송통신위원회 과학기술원자력법안심사소위원회,제22대 제433회 제1차 과학기술정보방송통신위원회 과학기술원자력법안심사소위원회 (2026년 03월 10일),2,6,6. 국가과학기술 경쟁력 강화를 위한 이공계지원 특별법 일부개정법률안(황정아 의원 대표발의)(의안번호 2216168),null,null,https://record.assembly.go.kr/assembly/viewer/minutes/xml.do?id=56352&type=summary,https://record.assembly.go.kr/assembly/viewer/minutes/download/pdf.do?id=56352,1369461
22,2026-03-10,56352,상임위원회,과학기술정보방송통신위원회 과학기술원자력법안심사소위원회,제22대 제433회 제1차 과학기술정보방송통신위원회 과학기술원자력법안심사소위원회 (2026년 03월 10일),2,7,7. 기후변화대응 기술개발 촉진법 일부개정법률안(김선교 의원 대표발의)(의안번호 2215601),null,null,https://record.assembly.go.kr/assembly/viewer/minutes/xml.do?id=56352&type=summary,https://record.assembly.go.kr/assembly/viewer/minutes/download/pdf.do?id=56352,1369461
22,2026-03-10,56352,상임위원회,과학기술정보방송통신위원회 과학기술원자력법안심사소위원회,제22대 제433회 제1차 과학기술정보방송통신위원회 과학기술원자력법안심사소위원회 (2026년 03월 10일),2,8,8. 원자력 진흥법 일부개정법률안(정부 제출)(의안번호 2216237),null,null,https://record.assembly.go.kr/assembly/viewer/minutes/xml.do?id=56352&type=summary,https://record.assembly.go.kr/assembly/viewer/minutes/download/pdf.do?id=56352,1369461
22,2026-03-10,56352,상임위원회,과학기술정보방송통신위원회 과학기술원자력법안심사소위원회,제22대 제433회 제1차 과학기술정보방송통신위원회 과학기술원자력법안심사소위원회 (2026년 03월 10일),2,9,9. 지역과학기술혁신법안(박충권 의원 대표발의)(의안번호 2200095),null,null,https://record.assembly.go.kr/assembly/viewer/minutes/xml.do?id=56352&type=summary,https://record.assembly.go.kr/assembly/viewer/minutes/download/pdf.do?id=56352,1369461
22,2026-03-10,56352,상임위원회,과학기술정보방송통신위원회 과학기술원자력법안심사소위원회,제22대 제433회 제1차 과학기술정보방송통신위원회 과학기술원자력법안심사소위원회 (2026년 03월 10일),2,10,10. 지역주도 과학기술혁신 촉진에 관한 법률안(조인철 의원 대표발의)(의안번호 2216657),null,null,https://record.assembly.go.kr/assembly/viewer/minutes/xml.do?id=56352&type=summary,https://record.assembly.go.kr/assembly/viewer/minutes/download/pdf.do?id=56352,1369461
22,2026-03-10,56352,상임위원회,과학기술정보방송통신위원회 과학기술원자력법안심사소위원회,제22대 제433회 제1차 과학기술정보방송통신위원회 과학기술원자력법안심사소위원회 (2026년 03월 10일),2,11,11. 원자력안전법 일부개정법률안(정부 제출)(의안번호 2212466),null,null,https://record.assembly.go.kr/assembly/viewer/minutes/xml.do?id=56352&type=summary,https://record.assembly.go.kr/assembly/viewer/minutes/download/pdf.do?id=56352,1369461
22,2026-03-10,56352,상임위원회,과학기술정보방송통신위원회 과학기술원자력법안심사소위원회,제22대 제433회 제1차 과학기술정보방송통신위원회 과학기술원자력법안심사소위원회 (2026년 03월 10일),2,12,12. 원자력안전법 일부개정법률안(이해민 의원 대표발의)(의안번호 2214370),null,null,https://record.assembly.go.kr/assembly/viewer/minutes/xml.do?id=56352&type=summary,https://record.assembly.go.kr/assembly/viewer/minutes/download/pdf.do?id=56352,1369461
22,2026-03-10,56352,상임위원회,과학기술정보방송통신위원회 과학기술원자력법안심사소위원회,제22대 제433회 제1차 과학기술정보방송통신위원회 과학기술원자력법안심사소위원회 (2026년 03월 10일),2,13,13. 원자력안전법 일부개정법률안(최수진 의원 대표발의)(의안번호 2215463),null,null,https://record.assembly.go.kr/assembly/viewer/minutes/xml.do?id=56352&type=summary,https://record.assembly.go.kr/assembly/viewer/minutes/download/pdf.do?id=56352,1369461
22,2026-03-10,56352,상임위원회,과학기술정보방송통신위원회 과학기술원자력법안심사소위원회,제22대 제433회 제1차 과학기술정보방송통신위원회 과학기술원자력법안심사소위원회 (2026년 03월 10일),2,14,14. 원자력안전법 일부개정법률안(황정아 의원 대표발의)(의안번호 2213996),null,null,https://record.assembly.go.kr/assembly/viewer/minutes/xml.do?id=56352&type=summary,https://record.assembly.go.kr/assembly/viewer/minutes/download/pdf.do?id=56352,1369461
22,2026-03-10,56352,상임위원회,과학기술정보방송통신위원회 과학기술원자력법안심사소위원회,제22대 제433회 제1차 과학기술정보방송통신위원회 과학기술원자력법안심사소위원회 (2026년 03월 10일),2,15,15. 우주개발 진흥법 일부개정법률안(정부 제출)(의안번호 2210027),null,null,https://record.assembly.go.kr/assembly/viewer/minutes/xml.do?id=56352&type=summary,https://record.assembly.go.kr/assembly/viewer/minutes/download/pdf.do?id=56352,1369461
22,2026-03-10,56352,상임위원회,과학기술정보방송통신위원회 과학기술원자력법안심사소위원회,제22대 제433회 제1차 과학기술정보방송통신위원회 과학기술원자력법안심사소위원회 (2026년 03월 10일),2,16,16. 우주개발 진흥법 일부개정법률안(황희 의원 대표발의)(의안번호 2210341),null,null,https://record.assembly.go.kr/assembly/viewer/minutes/xml.do?id=56352&type=summary,https://record.assembly.go.kr/assembly/viewer/minutes/download/pdf.do?id=56352,1369461
22,2026-03-10,56352,상임위원회,과학기술정보방송통신위원회 과학기술원자력법안심사소위원회,제22대 제433회 제1차 과학기술정보방송통신위원회 과학기술원자력법안심사소위원회 (2026년 03월 10일),2,17,17. 우주개발 진흥법 일부개정법률안(한민수 의원 대표발의)(의안번호 2215208),null,null,https://record.assembly.go.kr/assembly/viewer/minutes/xml.do?id=56352&type=summary,https://record.assembly.go.kr/assembly/viewer/minutes/download/pdf.do?id=56352,1369461
22,2026-03-10,56352,상임위원회,과학기술정보방송통신위원회 과학기술원자력법안심사소위원회,제22대 제433회 제1차 과학기술정보방송통신위원회 과학기술원자력법안심사소위원회 (2026년 03월 10일),2,18,18. 항공우주산업개발 촉진법 일부개정법률안(정부 제출)(의안번호 2216236),null,null,https://record.assembly.go.kr/assembly/viewer/minutes/xml.do?id=56352&type=summary,https://record.assembly.go.kr/assembly/viewer/minutes/download/pdf.do?id=56352,1369461
22,2026-03-10,56350,상임위원회,과학기술정보방송통신위원회 정보통신방송법안심사소위원회,제22대 제433회 제1차 과학기술정보방송통신위원회 정보통신방송법안심사소위원회 (2026년 03월 10일),2,1,1. 디지털 재난·장애의 안전관리에 관한 법률안(최형두 의원 대표발의)(의안번호 2207155),null,null,https://record.assembly.go.kr/assembly/viewer/minutes/xml.do?id=56350&type=summary,https://record.assembly.go.kr/assembly/viewer/minutes/download/pdf.do?id=56350,1369295
22,2026-03-10,56350,상임위원회,과학기술정보방송통신위원회 정보통신방송법안심사소위원회,제22대 제433회 제1차 과학기술정보방송통신위원회 정보통신방송법안심사소위원회 (2026년 03월 10일),2,2,2. 디지털 재난안전 관리법안(김현 의원 대표발의)(의안번호 2217291),null,null,https://record.assembly.go.kr/assembly/viewer/minutes/xml.do?id=56350&type=summary,https://record.assembly.go.kr/assembly/viewer/minutes/download/pdf.do?id=56350,1369295
22,2026-03-10,56350,상임위원회,과학기술정보방송통신위원회 정보통신방송법안심사소위원회,제22대 제433회 제1차 과학기술정보방송통신위원회 정보통신방송법안심사소위원회 (2026년 03월 10일),2,3,3. 방송광고판매대행 등에 관한 법률 일부개정법률안(이훈기 의원 대표발의)(의안번호 2214365),null,null,https://record.assembly.go.kr/assembly/viewer/minutes/xml.do?id=56350&type=summary,https://record.assembly.go.kr/assembly/viewer/minutes/download/pdf.do?id=56350,1369295
22,2026-03-10,56350,상임위원회,과학기술정보방송통신위원회 정보통신방송법안심사소위원회,제22대 제433회 제1차 과학기술정보방송통신위원회 정보통신방송법안심사소위원회 (2026년 03월 10일),2,4,4. 방송미디어통신위원회의 설치 및 운영에 관한 법률 일부개정법률안(조인철 의원 대표발의)(의안번호 2216185),null,null,https://record.assembly.go.kr/assembly/viewer/minutes/xml.do?id=56350&type=summary,https://record.assembly.go.kr/assembly/viewer/minutes/download/pdf.do?id=56350,1369295
22,2026-03-10,56350,상임위원회,과학기술정보방송통신위원회 정보통신방송법안심사소위원회,제22대 제433회 제1차 과학기술정보방송통신위원회 정보통신방송법안심사소위원회 (2026년 03월 10일),2,5,5. 방송미디어통신위원회의 설치 및 운영에 관한 법률 일부개정법률안(김상훈 의원 대표발의)(의안번호 2216242),null,null,https://record.assembly.go.kr/assembly/viewer/minutes/xml.do?id=56350&type=summary,https://record.assembly.go.kr/assembly/viewer/minutes/download/pdf.do?id=56350,1369295
22,2026-03-10,56350,상임위원회,과학기술정보방송통신위원회 정보통신방송법안심사소위원회,제22대 제433회 제1차 과학기술정보방송통신위원회 정보통신방송법안심사소위원회 (2026년 03월 10일),2,6,6. 방송미디어통신위원회의 설치 및 운영에 관한 법률 일부개정법률안(이만희 의원 대표발의)(의안번호 2214361),null,null,https://record.assembly.go.kr/assembly/viewer/minutes/xml.do?id=56350&type=summary,https://record.assembly.go.kr/assembly/viewer/minutes/download/pdf.do?id=56350,1369295
22,2026-03-10,56350,상임위원회,과학기술정보방송통신위원회 정보통신방송법안심사소위원회,제22대 제433회 제1차 과학기술정보방송통신위원회 정보통신방송법안심사소위원회 (2026년 03월 10일),2,7,7. 방송법 일부개정법률안(김윤 의원 대표발의)(의안번호 2205287),null,null,https://record.assembly.go.kr/assembly/viewer/minutes/xml.do?id=56350&type=summary,https://record.assembly.go.kr/assembly/viewer/minutes/download/pdf.do?id=56350,1369295
22,2026-03-10,56350,상임위원회,과학기술정보방송통신위원회 정보통신방송법안심사소위원회,제22대 제433회 제1차 과학기술정보방송통신위원회 정보통신방송법안심사소위원회 (2026년 03월 10일),2,8,8. 방송법 일부개정법률안(이주희 의원 대표발의)(의안번호 2215615),null,null,https://record.assembly.go.kr/assembly/viewer/minutes/xml.do?id=56350&type=summary,https://record.assembly.go.kr/assembly/viewer/minutes/download/pdf.do?id=56350,1369295
22,2026-03-10,56350,상임위원회,과학기술정보방송통신위원회 정보통신방송법안심사소위원회,제22대 제433회 제1차 과학기술정보방송통신위원회 정보통신방송법안심사소위원회 (2026년 03월 10일),2,9,9. 우정사업 운영에 관한 특례법 일부개정법률안(이정헌 의원 대표발의)(의안번호 2213870),null,null,https://record.assembly.go.kr/assembly/viewer/minutes/xml.do?id=56350&type=summary,https://record.assembly.go.kr/assembly/viewer/minutes/download/pdf.do?id=56350,1369295
22,2026-03-10,56350,상임위원회,과학기술정보방송통신위원회 정보통신방송법안심사소위원회,제22대 제433회 제1차 과학기술정보방송통신위원회 정보통신방송법안심사소위원회 (2026년 03월 10일),2,10,10. 우체국보험특별회계법 일부개정법률안(이정헌 의원 대표발의)(의안번호 2213872),null,null,https://record.assembly.go.kr/assembly/viewer/minutes/xml.do?id=56350&type=summary,https://record.assembly.go.kr/assembly/viewer/minutes/download/pdf.do?id=56350,1369295
22,2026-03-10,56350,상임위원회,과학기술정보방송통신위원회 정보통신방송법안심사소위원회,제22대 제433회 제1차 과학기술정보방송통신위원회 정보통신방송법안심사소위원회 (2026년 03월 10일),2,11,11. 전기통신사업법 일부개정법률안(김태선 의원 대표발의)(의안번호 2203979),null,null,https://record.assembly.go.kr/assembly/viewer/minutes/xml.do?id=56350&type=summary,https://record.assembly.go.kr/assembly/viewer/minutes/download/pdf.do?id=56350,1369295
22,2026-03-10,56350,상임위원회,과학기술정보방송통신위원회 정보통신방송법안심사소위원회,제22대 제433회 제1차 과학기술정보방송통신위원회 정보통신방송법안심사소위원회 (2026년 03월 10일),2,12,12. 전기통신사업법 일부개정법률안(조인철 의원 대표발의)(의안번호 2214741),null,null,https://record.assembly.go.kr/assembly/viewer/minutes/xml.do?id=56350&type=summary,https://record.assembly.go.kr/assembly/viewer/minutes/download/pdf.do?id=56350,1369295
22,2026-03-10,56350,상임위원회,과학기술정보방송통신위원회 정보통신방송법안심사소위원회,제22대 제433회 제1차 과학기술정보방송통신위원회 정보통신방송법안심사소위원회 (2026년 03월 10일),2,13,13. 전기통신사업법 일부개정법률안(조인철 의원 대표발의)(의안번호 2215242),null,null,https://record.assembly.go.kr/assembly/viewer/minutes/xml.do?id=56350&type=summary,https://record.assembly.go.kr/assembly/viewer/minutes/download/pdf.do?id=56350,1369295
22,2026-03-10,56350,상임위원회,과학기술정보방송통신위원회 정보통신방송법안심사소위원회,제22대 제433회 제1차 과학기술정보방송통신위원회 정보통신방송법안심사소위원회 (2026년 03월 10일),2,14,14. 전기통신사업법 일부개정법률안(김장겸 의원 대표발의)(의안번호 2215628),null,null,https://record.assembly.go.kr/assembly/viewer/minutes/xml.do?id=56350&type=summary,https://record.assembly.go.kr/assembly/viewer/minutes/download/pdf.do?id=56350,1369295
22,2026-03-10,56350,상임위원회,과학기술정보방송통신위원회 정보통신방송법안심사소위원회,제22대 제433회 제1차 과학기술정보방송통신위원회 정보통신방송법안심사소위원회 (2026년 03월 10일),2,15,15. 전기통신사업법 일부개정법률안(김장겸 의원 대표발의)(의안번호 2215658),null,null,https://record.assembly.go.kr/assembly/viewer/minutes/xml.do?id=56350&type=summary,https://record.assembly.go.kr/assembly/viewer/minutes/download/pdf.do?id=56350,1369295
22,2026-03-10,56350,상임위원회,과학기술정보방송통신위원회 정보통신방송법안심사소위원회,제22대 제433회 제1차 과학기술정보방송통신위원회 정보통신방송법안심사소위원회 (2026년 03월 10일),2,16,16. 전파법 일부개정법률안(이훈기 의원 대표발의)(의안번호 2214360),null,null,https://record.assembly.go.kr/assembly/viewer/minutes/xml.do?id=56350&type=summary,https://record.assembly.go.kr/assembly/viewer/minutes/download/pdf.do?id=56350,1369295
22,2026-03-10,56350,상임위원회,과학기술정보방송통신위원회 정보통신방송법안심사소위원회,제22대 제433회 제1차 과학기술정보방송통신위원회 정보통신방송법안심사소위원회 (2026년 03월 10일),2,17,17. 정보보호산업의 진흥에 관한 법률 일부개정법률안(김태호 의원 대표발의)(의안번호 2215944),null,null,https://record.assembly.go.kr/assembly/viewer/minutes/xml.do?id=56350&type=summary,https://record.assembly.go.kr/assembly/viewer/minutes/download/pdf.do?id=56350,1369295
22,2026-03-10,56350,상임위원회,과학기술정보방송통신위원회 정보통신방송법안심사소위원회,제22대 제433회 제1차 과학기술정보방송통신위원회 정보통신방송법안심사소위원회 (2026년 03월 10일),2,18,18. 정보통신공사업법 일부개정법률안(김주영 의원 대표발의)(의안번호 2214722),null,null,https://record.assembly.go.kr/assembly/viewer/minutes/xml.do?id=56350&type=summary,https://record.assembly.go.kr/assembly/viewer/minutes/download/pdf.do?id=56350,1369295
22,2026-03-10,56350,상임위원회,과학기술정보방송통신위원회 정보통신방송법안심사소위원회,제22대 제433회 제1차 과학기술정보방송통신위원회 정보통신방송법안심사소위원회 (2026년 03월 10일),2,19,19. 정보통신망 이용촉진 및 정보보호 등에 관한 법률 일부개정법률안(이훈기 의원 대표발의)(의안번호 2214378),null,null,https://record.assembly.go.kr/assembly/viewer/minutes/xml.do?id=56350&type=summary,https://record.assembly.go.kr/assembly/viewer/minutes/download/pdf.do?id=56350,1369295
22,2026-03-10,56350,상임위원회,과학기술정보방송통신위원회 정보통신방송법안심사소위원회,제22대 제433회 제1차 과학기술정보방송통신위원회 정보통신방송법안심사소위원회 (2026년 03월 10일),2,20,20. 정보통신망 이용촉진 및 정보보호 등에 관한 법률 일부개정법률안(최민희 의원 대표발의)(의안번호 2215299),null,null,https://record.assembly.go.kr/assembly/viewer/minutes/xml.do?id=56350&type=summary,https://record.assembly.go.kr/assembly/viewer/minutes/download/pdf.do?id=56350,1369295
22,2026-03-10,56350,상임위원회,과학기술정보방송통신위원회 정보통신방송법안심사소위원회,제22대 제433회 제1차 과학기술정보방송통신위원회 정보통신방송법안심사소위원회 (2026년 03월 10일),2,21,21. 정보통신망 이용촉진 및 정보보호 등에 관한 법률 일부개정법률안(김장겸 의원 대표발의)(의안번호 2217144),null,null,https://record.assembly.go.kr/assembly/viewer/minutes/xml.do?id=56350&type=summary,https://record.assembly.go.kr/assembly/viewer/minutes/download/pdf.do?id=56350,1369295
22,2026-03-10,56350,상임위원회,과학기술정보방송통신위원회 정보통신방송법안심사소위원회,제22대 제433회 제1차 과학기술정보방송통신위원회 정보통신방송법안심사소위원회 (2026년 03월 10일),2,22,22. 정보통신망 이용촉진 및 정보보호 등에 관한 법률 일부개정법률안(이해민 의원 대표발의)(의안번호 2215361),null,null,https://record.assembly.go.kr/assembly/viewer/minutes/xml.do?id=56350&type=summary,https://record.assembly.go.kr/assembly/viewer/minutes/download/pdf.do?id=56350,1369295
22,2026-03-10,56350,상임위원회,과학기술정보방송통신위원회 정보통신방송법안심사소위원회,제22대 제433회 제1차 과학기술정보방송통신위원회 정보통신방송법안심사소위원회 (2026년 03월 10일),2,23,23. 정보통신망 이용촉진 및 정보보호 등에 관한 법률 일부개정법률안(최형두 의원 대표발의)(의안번호 2216230),null,null,https://record.assembly.go.kr/assembly/viewer/minutes/xml.do?id=56350&type=summary,https://record.assembly.go.kr/assembly/viewer/minutes/download/pdf.do?id=56350,1369295
22,2026-03-10,56350,상임위원회,과학기술정보방송통신위원회 정보통신방송법안심사소위원회,제22대 제433회 제1차 과학기술정보방송통신위원회 정보통신방송법안심사소위원회 (2026년 03월 10일),2,24,24. 정보통신망 이용촉진 및 정보보호 등에 관한 법률 일부개정법률안(이해민 의원 대표발의)(의안번호 2216243),null,null,https://record.assembly.go.kr/assembly/viewer/minutes/xml.do?id=56350&type=summary,https://record.assembly.go.kr/assembly/viewer/minutes/download/pdf.do?id=56350,1369295
22,2026-03-10,56350,상임위원회,과학기술정보방송통신위원회 정보통신방송법안심사소위원회,제22대 제433회 제1차 과학기술정보방송통신위원회 정보통신방송법안심사소위원회 (2026년 03월 10일),2,25,25. 정보통신망 이용촉진 및 정보보호 등에 관한 법률 일부개정법률안(최형두 의원 대표발의)(의안번호 2216276),null,null,https://record.assembly.go.kr/assembly/viewer/minutes/xml.do?id=56350&type=summary,https://record.assembly.go.kr/assembly/viewer/minutes/download/pdf.do?id=56350,1369295
22,2026-03-10,56350,상임위원회,과학기술정보방송통신위원회 정보통신방송법안심사소위원회,제22대 제433회 제1차 과학기술정보방송통신위원회 정보통신방송법안심사소위원회 (2026년 03월 10일),2,26,26. 지능정보화 기본법 일부개정법률안(이훈기 의원 대표발의)(의안번호 2214379),null,null,https://record.assembly.go.kr/assembly/viewer/minutes/xml.do?id=56350&type=summary,https://record.assembly.go.kr/assembly/viewer/minutes/download/pdf.do?id=56350,1369295
22,2026-03-10,56350,상임위원회,과학기술정보방송통신위원회 정보통신방송법안심사소위원회,제22대 제433회 제1차 과학기술정보방송통신위원회 정보통신방송법안심사소위원회 (2026년 03월 10일),2,27,27. 클라우드컴퓨팅 발전 및 이용자 보호에 관한 법률 일부개정법률안(최형두 의원 대표발의)(의안번호 2216227),null,null,https://record.assembly.go.kr/assembly/viewer/minutes/xml.do?id=56350&type=summary,https://record.assembly.go.kr/assembly/viewer/minutes/download/pdf.do?id=56350,1369295
22,2026-03-10,56350,상임위원회,과학기술정보방송통신위원회 정보통신방송법안심사소위원회,제22대 제433회 제1차 과학기술정보방송통신위원회 정보통신방송법안심사소위원회 (2026년 03월 10일),2,28,28. 정보통신망 이용촉진 및 정보보호 등에 관한 법률 일부개정법률안(김기현 의원 대표발의)(의안번호 2202377),null,null,https://record.assembly.go.kr/assembly/viewer/minutes/xml.do?id=56350&type=summary,https://record.assembly.go.kr/assembly/viewer/minutes/download/pdf.do?id=56350,1369295
22,2026-03-10,56350,상임위원회,과학기술정보방송통신위원회 정보통신방송법안심사소위원회,제22대 제433회 제1차 과학기술정보방송통신위원회 정보통신방송법안심사소위원회 (2026년 03월 10일),2,29,29. 정보통신망 이용촉진 및 정보보호 등에 관한 법률 일부개정법률안(나경원 의원 대표발의)(의안번호 2208450),null,null,https://record.assembly.go.kr/assembly/viewer/minutes/xml.do?id=56350&type=summary,https://record.assembly.go.kr/assembly/viewer/minutes/download/pdf.do?id=56350,1369295
22,2026-03-10,56350,상임위원회,과학기술정보방송통신위원회 정보통신방송법안심사소위원회,제22대 제433회 제1차 과학기술정보방송통신위원회 정보통신방송법안심사소위원회 (2026년 03월 10일),2,30,30. 정보통신망 이용촉진 및 정보보호 등에 관한 법률 일부개정법률안(김미애 의원 대표발의)(의안번호 2215986),null,null,https://record.assembly.go.kr/assembly/viewer/minutes/xml.do?id=56350&type=summary,https://record.assembly.go.kr/assembly/viewer/minutes/download/pdf.do?id=56350,1369295
22,2026-03-10,56350,상임위원회,과학기술정보방송통신위원회 정보통신방송법안심사소위원회,제22대 제433회 제1차 과학기술정보방송통신위원회 정보통신방송법안심사소위원회 (2026년 03월 10일),2,31,31. 정보통신망 이용촉진 및 정보보호 등에 관한 법률 일부개정법률안(김장겸 의원 대표발의)(의안번호 2216079),null,null,https://record.assembly.go.kr/assembly/viewer/minutes/xml.do?id=56350&type=summary,https://record.assembly.go.kr/assembly/viewer/minutes/download/pdf.do?id=56350,1369295
22,2026-03-10,56350,상임위원회,과학기술정보방송통신위원회 정보통신방송법안심사소위원회,제22대 제433회 제1차 과학기술정보방송통신위원회 정보통신방송법안심사소위원회 (2026년 03월 10일),2,32,32. 정보통신망 이용촉진 및 정보보호 등에 관한 법률 일부개정법률안(박덕흠 의원 대표발의)(의안번호 2216217),null,null,https://record.assembly.go.kr/assembly/viewer/minutes/xml.do?id=56350&type=summary,https://record.assembly.go.kr/assembly/viewer/minutes/download/pdf.do?id=56350,1369295
22,2026-03-10,56350,상임위원회,과학기술정보방송통신위원회 정보통신방송법안심사소위원회,제22대 제433회 제1차 과학기술정보방송통신위원회 정보통신방송법안심사소위원회 (2026년 03월 10일),2,33,33. 정보통신망 이용촉진 및 정보보호 등에 관한 법률 일부개정법률안(박충권 의원 대표발의)(의안번호 2216436),null,null,https://record.assembly.go.kr/assembly/viewer/minutes/xml.do?id=56350&type=summary,https://record.assembly.go.kr/assembly/viewer/minutes/download/pdf.do?id=56350,1369295
22,2026-03-10,56350,상임위원회,과학기술정보방송통신위원회 정보통신방송법안심사소위원회,제22대 제433회 제1차 과학기술정보방송통신위원회 정보통신방송법안심사소위원회 (2026년 03월 10일),2,34,34. 정보통신망 이용촉진 및 정보보호 등에 관한 법률 일부개정법률안(이준석 의원 대표발의)(의안번호 2216616),null,null,https://record.assembly.go.kr/assembly/viewer/minutes/xml.do?id=56350&type=summary,https://record.assembly.go.kr/assembly/viewer/minutes/download/pdf.do?id=56350,1369295
22,2026-03-10,56350,상임위원회,과학기술정보방송통신위원회 정보통신방송법안심사소위원회,제22대 제433회 제1차 과학기술정보방송통신위원회 정보통신방송법안심사소위원회 (2026년 03월 10일),2,35,35. 정보통신망 이용촉진 및 정보보호 등에 관한 법률 일부개정법률안(곽규택 의원 대표발의)(의안번호 2217090),null,null,https://record.assembly.go.kr/assembly/viewer/minutes/xml.do?id=56350&type=summary,https://record.assembly.go.kr/assembly/viewer/minutes/download/pdf.do?id=56350,1369295
22,2026-03-10,56350,상임위원회,과학기술정보방송통신위원회 정보통신방송법안심사소위원회,제22대 제433회 제1차 과학기술정보방송통신위원회 정보통신방송법안심사소위원회 (2026년 03월 10일),2,36,36. 정보통신망 이용촉진 및 정보보호 등에 관한 법률 일부개정법률안(최형두 의원 대표발의)(의안번호 2216078),null,null,https://record.assembly.go.kr/assembly/viewer/minutes/xml.do?id=56350&type=summary,https://record.assembly.go.kr/assembly/viewer/minutes/download/pdf.do?id=56350,1369295
22,2026-03-10,56350,상임위원회,과학기술정보방송통신위원회 정보통신방송법안심사소위원회,제22대 제433회 제1차 과학기술정보방송통신위원회 정보통신방송법안심사소위원회 (2026년 03월 10일),2,37,37. 정보통신망 이용촉진 및 정보보호 등에 관한 법률 일부개정법률안(최형두 의원 대표발의)(의안번호 2216315),null,null,https://record.assembly.go.kr/assembly/viewer/minutes/xml.do?id=56350&type=summary,https://record.assembly.go.kr/assembly/viewer/minutes/download/pdf.do?id=56350,1369295
22,2026-03-03,56330,상임위원회,과학기술정보방송통신위원회 정보통신방송법안심사소위원회,제22대 제432회 제2차 과학기술정보방송통신위원회 정보통신방송법안심사소위원회 (2026년 03월 03일),2,1,1. 인공지능데이터센터 진흥 및 기반 조성에 관한 법률안(정동영 의원 대표발의)(의안번호 2210511),null,null,https://record.assembly.go.kr/assembly/viewer/minutes/xml.do?id=56330&type=summary,https://record.assembly.go.kr/assembly/viewer/minutes/download/pdf.do?id=56330,1369012
22,2026-03-03,56330,상임위원회,과학기술정보방송통신위원회 정보통신방송법안심사소위원회,제22대 제432회 제2차 과학기술정보방송통신위원회 정보통신방송법안심사소위원회 (2026년 03월 03일),2,2,2. 인공지능 데이터센터 진흥에 관한 특별법안(한민수 의원 대표발의)(의안번호 2213034),null,null,https://record.assembly.go.kr/assembly/viewer/minutes/xml.do?id=56330&type=summary,https://record.assembly.go.kr/assembly/viewer/minutes/download/pdf.do?id=56330,1369012
22,2026-03-03,56330,상임위원회,과학기술정보방송통신위원회 정보통신방송법안심사소위원회,제22대 제432회 제2차 과학기술정보방송통신위원회 정보통신방송법안심사소위원회 (2026년 03월 03일),2,3,3. 인공지능데이터센터 기반 구축 및 산업 육성에 관한 법률안(황정아 의원 대표발의)(의안번호 2213320),null,null,https://record.assembly.go.kr/assembly/viewer/minutes/xml.do?id=56330&type=summary,https://record.assembly.go.kr/assembly/viewer/minutes/download/pdf.do?id=56330,1369012
22,2026-03-03,56330,상임위원회,과학기술정보방송통신위원회 정보통신방송법안심사소위원회,제22대 제432회 제2차 과학기술정보방송통신위원회 정보통신방송법안심사소위원회 (2026년 03월 03일),2,4,4. 인공지능 데이터센터 진흥 및 기반 조성에 관한 법률안(조인철 의원 대표발의)(의안번호 2215182),null,null,https://record.assembly.go.kr/assembly/viewer/minutes/xml.do?id=56330&type=summary,https://record.assembly.go.kr/assembly/viewer/minutes/download/pdf.do?id=56330,1369012
22,2026-03-03,56330,상임위원회,과학기술정보방송통신위원회 정보통신방송법안심사소위원회,제22대 제432회 제2차 과학기술정보방송통신위원회 정보통신방송법안심사소위원회 (2026년 03월 03일),2,5,5. 인공지능 데이터센터 진흥에 대한 특별법안(이해민 의원 대표발의)(의안번호 2215928),null,null,https://record.assembly.go.kr/assembly/viewer/minutes/xml.do?id=56330&type=summary,https://record.assembly.go.kr/assembly/viewer/minutes/download/pdf.do?id=56330,1369012
22,2026-03-03,56330,상임위원회,과학기술정보방송통신위원회 정보통신방송법안심사소위원회,제22대 제432회 제2차 과학기술정보방송통신위원회 정보통신방송법안심사소위원회 (2026년 03월 03일),2,6,6. 인공지능 데이터센터 진흥 및 기반 조성에 관한 법률안(김장겸 의원 대표발의)(의안번호 2216551),null,null,https://record.assembly.go.kr/assembly/viewer/minutes/xml.do?id=56330&type=summary,https://record.assembly.go.kr/assembly/viewer/minutes/download/pdf.do?id=56330,1369012
22,2026-03-03,56330,상임위원회,과학기술정보방송통신위원회 정보통신방송법안심사소위원회,제22대 제432회 제2차 과학기술정보방송통신위원회 정보통신방송법안심사소위원회 (2026년 03월 03일),2,7,7. 디지털크리에이터 육성 및 지원에 관한 법률안(이해민 의원 대표발의)(의안번호 2202987),null,null,https://record.assembly.go.kr/assembly/viewer/minutes/xml.do?id=56330&type=summary,https://record.assembly.go.kr/assembly/viewer/minutes/download/pdf.do?id=56330,1369012
22,2026-03-03,56330,상임위원회,과학기술정보방송통신위원회 정보통신방송법안심사소위원회,제22대 제432회 제2차 과학기술정보방송통신위원회 정보통신방송법안심사소위원회 (2026년 03월 03일),2,8,8. 디지털크리에이터(1인 미디어 창작자)산업 진흥법안(최형두 의원 대표발의)(의안번호 2209306),null,null,https://record.assembly.go.kr/assembly/viewer/minutes/xml.do?id=56330&type=summary,https://record.assembly.go.kr/assembly/viewer/minutes/download/pdf.do?id=56330,1369012
22,2026-03-03,56330,상임위원회,과학기술정보방송통신위원회 정보통신방송법안심사소위원회,제22대 제432회 제2차 과학기술정보방송통신위원회 정보통신방송법안심사소위원회 (2026년 03월 03일),2,9,9. 디지털크리에이터 권리보호 및 육성에 관한 법률안(정동영 의원 대표발의)(의안번호 2211174),null,null,https://record.assembly.go.kr/assembly/viewer/minutes/xml.do?id=56330&type=summary,https://record.assembly.go.kr/assembly/viewer/minutes/download/pdf.do?id=56330,1369012
22,2026-03-03,56330,상임위원회,과학기술정보방송통신위원회 정보통신방송법안심사소위원회,제22대 제432회 제2차 과학기술정보방송통신위원회 정보통신방송법안심사소위원회 (2026년 03월 03일),2,10,10. 디지털 재난·장애의 안전관리에 관한 법률안(최형두 의원 대표발의)(의안번호 2207155),null,null,https://record.assembly.go.kr/assembly/viewer/minutes/xml.do?id=56330&type=summary,https://record.assembly.go.kr/assembly/viewer/minutes/download/pdf.do?id=56330,1369012
22,2026-03-03,56330,상임위원회,과학기술정보방송통신위원회 정보통신방송법안심사소위원회,제22대 제432회 제2차 과학기술정보방송통신위원회 정보통신방송법안심사소위원회 (2026년 03월 03일),2,11,11. 소프트웨어 진흥법 일부개정법률안(박정훈 의원 대표발의)(의안번호 2212477),null,null,https://record.assembly.go.kr/assembly/viewer/minutes/xml.do?id=56330&type=summary,https://record.assembly.go.kr/assembly/viewer/minutes/download/pdf.do?id=56330,1369012
22,2026-03-03,56330,상임위원회,과학기술정보방송통신위원회 정보통신방송법안심사소위원회,제22대 제432회 제2차 과학기술정보방송통신위원회 정보통신방송법안심사소위원회 (2026년 03월 03일),2,12,12. 이동통신보안법안(김장겸 의원 대표발의)(의안번호 2213313),null,null,https://record.assembly.go.kr/assembly/viewer/minutes/xml.do?id=56330&type=summary,https://record.assembly.go.kr/assembly/viewer/minutes/download/pdf.do?id=56330,1369012
22,2026-03-03,56330,상임위원회,과학기술정보방송통신위원회 정보통신방송법안심사소위원회,제22대 제432회 제2차 과학기술정보방송통신위원회 정보통신방송법안심사소위원회 (2026년 03월 03일),2,13,13. 전기통신사업법 일부개정법률안(최형두 의원 대표발의)(의안번호 2207441),null,null,https://record.assembly.go.kr/assembly/viewer/minutes/xml.do?id=56330&type=summary,https://record.assembly.go.kr/assembly/viewer/minutes/download/pdf.do?id=56330,1369012
22,2026-03-03,56330,상임위원회,과학기술정보방송통신위원회 정보통신방송법안심사소위원회,제22대 제432회 제2차 과학기술정보방송통신위원회 정보통신방송법안심사소위원회 (2026년 03월 03일),2,14,14. 전기통신사업법 일부개정법률안(박충권 의원 대표발의)(의안번호 2201305),null,null,https://record.assembly.go.kr/assembly/viewer/minutes/xml.do?id=56330&type=summary,https://record.assembly.go.kr/assembly/viewer/minutes/download/pdf.do?id=56330,1369012
22,2026-03-03,56330,상임위원회,과학기술정보방송통신위원회 정보통신방송법안심사소위원회,제22대 제432회 제2차 과학기술정보방송통신위원회 정보통신방송법안심사소위원회 (2026년 03월 03일),2,15,15. 전기통신사업법 일부개정법률안(박충권 의원 대표발의)(의안번호 2201389),null,null,https://record.assembly.go.kr/assembly/viewer/minutes/xml.do?id=56330&type=summary,https://record.assembly.go.kr/assembly/viewer/minutes/download/pdf.do?id=56330,1369012
22,2026-03-03,56330,상임위원회,과학기술정보방송통신위원회 정보통신방송법안심사소위원회,제22대 제432회 제2차 과학기술정보방송통신위원회 정보통신방송법안심사소위원회 (2026년 03월 03일),2,16,16. 전기통신사업법 일부개정법률안(이정헌 의원 대표발의)(의안번호 2202843),null,null,https://record.assembly.go.kr/assembly/viewer/minutes/xml.do?id=56330&type=summary,https://record.assembly.go.kr/assembly/viewer/minutes/download/pdf.do?id=56330,1369012
22,2026-03-03,56330,상임위원회,과학기술정보방송통신위원회 정보통신방송법안심사소위원회,제22대 제432회 제2차 과학기술정보방송통신위원회 정보통신방송법안심사소위원회 (2026년 03월 03일),2,17,17. 전기통신사업법 일부개정법률안(김현정 의원 대표발의)(의안번호 2203022),null,null,https://record.assembly.go.kr/assembly/viewer/minutes/xml.do?id=56330&type=summary,https://record.assembly.go.kr/assembly/viewer/minutes/download/pdf.do?id=56330,1369012
22,2026-03-03,56330,상임위원회,과학기술정보방송통신위원회 정보통신방송법안심사소위원회,제22대 제432회 제2차 과학기술정보방송통신위원회 정보통신방송법안심사소위원회 (2026년 03월 03일),2,18,18. 전기통신사업법 일부개정법률안(박정훈 의원 대표발의)(의안번호 2208918),null,null,https://record.assembly.go.kr/assembly/viewer/minutes/xml.do?id=56330&type=summary,https://record.assembly.go.kr/assembly/viewer/minutes/download/pdf.do?id=56330,1369012
22,2026-03-03,56330,상임위원회,과학기술정보방송통신위원회 정보통신방송법안심사소위원회,제22대 제432회 제2차 과학기술정보방송통신위원회 정보통신방송법안심사소위원회 (2026년 03월 03일),2,19,19. 전기통신사업법 일부개정법률안(한민수 의원 대표발의)(의안번호 2209151),null,null,https://record.assembly.go.kr/assembly/viewer/minutes/xml.do?id=56330&type=summary,https://record.assembly.go.kr/assembly/viewer/minutes/download/pdf.do?id=56330,1369012
22,2026-03-03,56330,상임위원회,과학기술정보방송통신위원회 정보통신방송법안심사소위원회,제22대 제432회 제2차 과학기술정보방송통신위원회 정보통신방송법안심사소위원회 (2026년 03월 03일),2,20,20. 전기통신사업법 일부개정법률안(최수진 의원 대표발의)(의안번호 2210504),null,null,https://record.assembly.go.kr/assembly/viewer/minutes/xml.do?id=56330&type=summary,https://record.assembly.go.kr/assembly/viewer/minutes/download/pdf.do?id=56330,1369012
22,2026-03-03,56330,상임위원회,과학기술정보방송통신위원회 정보통신방송법안심사소위원회,제22대 제432회 제2차 과학기술정보방송통신위원회 정보통신방송법안심사소위원회 (2026년 03월 03일),2,21,21. 전기통신사업법 일부개정법률안(최민희 의원 대표발의)(의안번호 2210597),null,null,https://record.assembly.go.kr/assembly/viewer/minutes/xml.do?id=56330&type=summary,https://record.assembly.go.kr/assembly/viewer/minutes/download/pdf.do?id=56330,1369012
22,2026-03-03,56330,상임위원회,과학기술정보방송통신위원회 정보통신방송법안심사소위원회,제22대 제432회 제2차 과학기술정보방송통신위원회 정보통신방송법안심사소위원회 (2026년 03월 03일),2,22,22. 정보통신망 이용촉진 및 정보보호 등에 관한 법률 일부개정법률안(김장겸 의원 대표발의)(의안번호 2205754),null,null,https://record.assembly.go.kr/assembly/viewer/minutes/xml.do?id=56330&type=summary,https://record.assembly.go.kr/assembly/viewer/minutes/download/pdf.do?id=56330,1369012
22,2026-03-03,56330,상임위원회,과학기술정보방송통신위원회 정보통신방송법안심사소위원회,제22대 제432회 제2차 과학기술정보방송통신위원회 정보통신방송법안심사소위원회 (2026년 03월 03일),2,23,23. 정보통신망 이용촉진 및 정보보호 등에 관한 법률 일부개정법률안(조인철 의원 대표발의)(의안번호 2209795),null,null,https://record.assembly.go.kr/assembly/viewer/minutes/xml.do?id=56330&type=summary,https://record.assembly.go.kr/assembly/viewer/minutes/download/pdf.do?id=56330,1369012
22,2026-03-03,56330,상임위원회,과학기술정보방송통신위원회 정보통신방송법안심사소위원회,제22대 제432회 제2차 과학기술정보방송통신위원회 정보통신방송법안심사소위원회 (2026년 03월 03일),2,24,24. 정보통신망 이용촉진 및 정보보호 등에 관한 법률 일부개정법률안(김장겸 의원 대표발의)(의안번호 2211087),null,null,https://record.assembly.go.kr/assembly/viewer/minutes/xml.do?id=56330&type=summary,https://record.assembly.go.kr/assembly/viewer/minutes/download/pdf.do?id=56330,1369012
22,2026-03-03,56330,상임위원회,과학기술정보방송통신위원회 정보통신방송법안심사소위원회,제22대 제432회 제2차 과학기술정보방송통신위원회 정보통신방송법안심사소위원회 (2026년 03월 03일),2,25,25. 정보통신망 이용촉진 및 정보보호 등에 관한 법률 일부개정법률안(윤건영 의원 대표발의)(의안번호 2201798),null,null,https://record.assembly.go.kr/assembly/viewer/minutes/xml.do?id=56330&type=summary,https://record.assembly.go.kr/assembly/viewer/minutes/download/pdf.do?id=56330,1369012
22,2026-03-03,56330,상임위원회,과학기술정보방송통신위원회 정보통신방송법안심사소위원회,제22대 제432회 제2차 과학기술정보방송통신위원회 정보통신방송법안심사소위원회 (2026년 03월 03일),2,26,26. 정보통신망 이용촉진 및 정보보호 등에 관한 법률 일부개정법률안(김장겸 의원 대표발의)(의안번호 2201816),null,null,https://record.assembly.go.kr/assembly/viewer/minutes/xml.do?id=56330&type=summary,https://record.assembly.go.kr/assembly/viewer/minutes/download/pdf.do?id=56330,1369012
22,2026-03-03,56330,상임위원회,과학기술정보방송통신위원회 정보통신방송법안심사소위원회,제22대 제432회 제2차 과학기술정보방송통신위원회 정보통신방송법안심사소위원회 (2026년 03월 03일),2,27,27. 정보통신망 이용촉진 및 정보보호 등에 관한 법률 일부개정법률안(안철수 의원 대표발의)(의안번호 2202630),null,null,https://record.assembly.go.kr/assembly/viewer/minutes/xml.do?id=56330&type=summary,https://record.assembly.go.kr/assembly/viewer/minutes/download/pdf.do?id=56330,1369012
22,2026-03-03,56330,상임위원회,과학기술정보방송통신위원회 정보통신방송법안심사소위원회,제22대 제432회 제2차 과학기술정보방송통신위원회 정보통신방송법안심사소위원회 (2026년 03월 03일),2,28,28. 정보통신망 이용촉진 및 정보보호 등에 관한 법률 일부개정법률안(조정훈 의원 대표발의)(의안번호 2202761),null,null,https://record.assembly.go.kr/assembly/viewer/minutes/xml.do?id=56330&type=summary,https://record.assembly.go.kr/assembly/viewer/minutes/download/pdf.do?id=56330,1369012
22,2026-03-03,56330,상임위원회,과학기술정보방송통신위원회 정보통신방송법안심사소위원회,제22대 제432회 제2차 과학기술정보방송통신위원회 정보통신방송법안심사소위원회 (2026년 03월 03일),2,29,29. 정보통신망 이용촉진 및 정보보호 등에 관한 법률 일부개정법률안(김태선 의원 대표발의)(의안번호 2203983),null,null,https://record.assembly.go.kr/assembly/viewer/minutes/xml.do?id=56330&type=summary,https://record.assembly.go.kr/assembly/viewer/minutes/download/pdf.do?id=56330,1369012
22,2026-03-03,56330,상임위원회,과학기술정보방송통신위원회 정보통신방송법안심사소위원회,제22대 제432회 제2차 과학기술정보방송통신위원회 정보통신방송법안심사소위원회 (2026년 03월 03일),2,30,30. 정보통신망 이용촉진 및 정보보호 등에 관한 법률 일부개정법률안(박정훈 의원 대표발의)(의안번호 2207938),null,null,https://record.assembly.go.kr/assembly/viewer/minutes/xml.do?id=56330&type=summary,https://record.assembly.go.kr/assembly/viewer/minutes/download/pdf.do?id=56330,1369012
22,2026-02-25,56297,상임위원회,과학기술정보방송통신위원회,제22대 제432회 제3차 과학기술정보방송통신위원회 (2026년 02월 25일),2,1,1. 청원 심사기간 연장요구의 건,null,http://w3.assembly.go.kr/main/player.do?menu=1&mc=356&ct1=22&ct2=432&ct3=03&wv=1,https://record.assembly.go.kr/assembly/viewer/minutes/xml.do?id=56297&type=summary,https://record.assembly.go.kr/assembly/viewer/minutes/download/pdf.do?id=56297,1368975
22,2026-02-25,56297,상임위원회,과학기술정보방송통신위원회,제22대 제432회 제3차 과학기술정보방송통신위원회 (2026년 02월 25일),2,2,2. 과학기술 국제협력 촉진에 관한 법률안(이정헌 의원 대표발의)(의안번호 2213873),null,http://w3.assembly.go.kr/main/player.do?menu=1&mc=356&ct1=22&ct2=432&ct3=03&wv=1,https://record.assembly.go.kr/assembly/viewer/minutes/xml.do?id=56297&type=summary,https://record.assembly.go.kr/assembly/viewer/minutes/download/pdf.do?id=56297,1368975
22,2026-02-25,56297,상임위원회,과학기술정보방송통신위원회,제22대 제432회 제3차 과학기술정보방송통신위원회 (2026년 02월 25일),2,3,3. 과학기술기본법 일부개정법률안(이훈기 의원 대표발의)(의안번호 2213639),null,http://w3.assembly.go.kr/main/player.do?menu=1&mc=356&ct1=22&ct2=432&ct3=03&wv=1,https://record.assembly.go.kr/assembly/viewer/minutes/xml.do?id=56297&type=summary,https://record.assembly.go.kr/assembly/viewer/minutes/download/pdf.do?id=56297,1368975
22,2026-02-25,56297,상임위원회,과학기술정보방송통신위원회,제22대 제432회 제3차 과학기술정보방송통신위원회 (2026년 02월 25일),2,4,4. 과학기술기본법 일부개정법률안(권향엽 의원 대표발의)(의안번호 2216248),null,http://w3.assembly.go.kr/main/player.do?menu=1&mc=356&ct1=22&ct2=432&ct3=03&wv=1,https://record.assembly.go.kr/assembly/viewer/minutes/xml.do?id=56297&type=summary,https://record.assembly.go.kr/assembly/viewer/minutes/download/pdf.do?id=56297,1368975
22,2026-02-25,56297,상임위원회,과학기술정보방송통신위원회,제22대 제432회 제3차 과학기술정보방송통신위원회 (2026년 02월 25일),2,5,5. 과학기술분야 정부출연연구기관 등의 설립·운영 및 육성에 관한 법률 일부개정법률안(최수진 의원 대표발의)(의안번호 2214219),null,http://w3.assembly.go.kr/main/player.do?menu=1&mc=356&ct1=22&ct2=432&ct3=03&wv=1,https://record.assembly.go.kr/assembly/viewer/minutes/xml.do?id=56297&type=summary,https://record.assembly.go.kr/assembly/viewer/minutes/download/pdf.do?id=56297,1368975
22,2026-02-25,56297,상임위원회,과학기술정보방송통신위원회,제22대 제432회 제3차 과학기술정보방송통신위원회 (2026년 02월 25일),2,6,6. 과학기술분야 정부출연연구기관 등의 설립·운영 및 육성에 관한 법률 일부개정법률안(조인철 의원 대표발의)(의안번호 2214229),null,http://w3.assembly.go.kr/main/player.do?menu=1&mc=356&ct1=22&ct2=432&ct3=03&wv=1,https://record.assembly.go.kr/assembly/viewer/minutes/xml.do?id=56297&type=summary,https://record.assembly.go.kr/assembly/viewer/minutes/download/pdf.do?id=56297,1368975
22,2026-02-25,56297,상임위원회,과학기술정보방송통신위원회,제22대 제432회 제3차 과학기술정보방송통신위원회 (2026년 02월 25일),2,7,7. 과학기술분야 정부출연연구기관 등의 설립·운영 및 육성에 관한 법률 일부개정법률안(권향엽 의원 대표발의)(의안번호 2216249),null,http://w3.assembly.go.kr/main/player.do?menu=1&mc=356&ct1=22&ct2=432&ct3=03&wv=1,https://record.assembly.go.kr/assembly/viewer/minutes/xml.do?id=56297&type=summary,https://record.assembly.go.kr/assembly/viewer/minutes/download/pdf.do?id=56297,1368975
22,2026-02-25,56297,상임위원회,과학기술정보방송통신위원회,제22대 제432회 제3차 과학기술정보방송통신위원회 (2026년 02월 25일),2,8,8. 국가과학기술 경쟁력 강화를 위한 이공계지원 특별법 일부개정법률안(최민희 의원·이상휘 의원 대표발의)(의안번호 2215430),null,http://w3.assembly.go.kr/main/player.do?menu=1&mc=356&ct1=22&ct2=432&ct3=03&wv=1,https://record.assembly.go.kr/assembly/viewer/minutes/xml.do?id=56297&type=summary,https://record.assembly.go.kr/assembly/viewer/minutes/download/pdf.do?id=56297,1368975
22,2026-02-25,56297,상임위원회,과학기술정보방송통신위원회,제22대 제432회 제3차 과학기술정보방송통신위원회 (2026년 02월 25일),2,9,9. 국가과학기술 경쟁력 강화를 위한 이공계지원 특별법 일부개정법률안(황정아 의원 대표발의)(의안번호 2216168),null,http://w3.assembly.go.kr/main/player.do?menu=1&mc=356&ct1=22&ct2=432&ct3=03&wv=1,https://record.assembly.go.kr/assembly/viewer/minutes/xml.do?id=56297&type=summary,https://record.assembly.go.kr/assembly/viewer/minutes/download/pdf.do?id=56297,1368975
22,2026-02-25,56297,상임위원회,과학기술정보방송통신위원회,제22대 제432회 제3차 과학기술정보방송통신위원회 (2026년 02월 25일),2,10,10. 기후변화대응 기술개발 촉진법 일부개정법률안(김선교 의원 대표발의)(의안번호 2215601),null,http://w3.assembly.go.kr/main/player.do?menu=1&mc=356&ct1=22&ct2=432&ct3=03&wv=1,https://record.assembly.go.kr/assembly/viewer/minutes/xml.do?id=56297&type=summary,https://record.assembly.go.kr/assembly/viewer/minutes/download/pdf.do?id=56297,1368975
22,2026-02-25,56297,상임위원회,과학기술정보방송통신위원회,제22대 제432회 제3차 과학기술정보방송통신위원회 (2026년 02월 25일),2,11,11. 바이오데이터 활용 및 인공지능바이오 연구개발 촉진에 관한 법률안(조인철 의원·최형두 의원 대표발의)(의안번호 2215618),null,http://w3.assembly.go.kr/main/player.do?menu=1&mc=356&ct1=22&ct2=432&ct3=03&wv=1,https://record.assembly.go.kr/assembly/viewer/minutes/xml.do?id=56297&type=summary,https://record.assembly.go.kr/assembly/viewer/minutes/download/pdf.do?id=56297,1368975
22,2026-02-25,56297,상임위원회,과학기술정보방송통신위원회,제22대 제432회 제3차 과학기술정보방송통신위원회 (2026년 02월 25일),2,12,12. 소형모듈원자로 및 초소형모듈원자로의 기술개발 촉진 및 지원에 관한 특별법안(김장겸 의원 대표발의)(의안번호 2215664),null,http://w3.assembly.go.kr/main/player.do?menu=1&mc=356&ct1=22&ct2=432&ct3=03&wv=1,https://record.assembly.go.kr/assembly/viewer/minutes/xml.do?id=56297&type=summary,https://record.assembly.go.kr/assembly/viewer/minutes/download/pdf.do?id=56297,1368975
22,2026-02-25,56297,상임위원회,과학기술정보방송통신위원회,제22대 제432회 제3차 과학기술정보방송통신위원회 (2026년 02월 25일),2,13,13. 양자과학기술 및 양자산업 육성에 관한 법률 일부개정법률안(최민희 의원 대표발의)(의안번호 2216371),null,http://w3.assembly.go.kr/main/player.do?menu=1&mc=356&ct1=22&ct2=432&ct3=03&wv=1,https://record.assembly.go.kr/assembly/viewer/minutes/xml.do?id=56297&type=summary,https://record.assembly.go.kr/assembly/viewer/minutes/download/pdf.do?id=56297,1368975
22,2026-02-25,56297,상임위원회,과학기술정보방송통신위원회,제22대 제432회 제3차 과학기술정보방송통신위원회 (2026년 02월 25일),2,14,14. 연구개발특구의 육성에 관한 특별법 일부개정법률안(장철민 의원 대표발의)(의안번호 2215630),null,http://w3.assembly.go.kr/main/player.do?menu=1&mc=356&ct1=22&ct2=432&ct3=03&wv=1,https://record.assembly.go.kr/assembly/viewer/minutes/xml.do?id=56297&type=summary,https://record.assembly.go.kr/assembly/viewer/minutes/download/pdf.do?id=56297,1368975
22,2026-02-25,56297,상임위원회,과학기술정보방송통신위원회,제22대 제432회 제3차 과학기술정보방송통신위원회 (2026년 02월 25일),2,15,15. 우주개발 진흥법 일부개정법률안(한민수 의원 대표발의)(의안번호 2215208),null,http://w3.assembly.go.kr/main/player.do?menu=1&mc=356&ct1=22&ct2=432&ct3=03&wv=1,https://record.assembly.go.kr/assembly/viewer/minutes/xml.do?id=56297&type=summary,https://record.assembly.go.kr/assembly/viewer/minutes/download/pdf.do?id=56297,1368975
22,2026-02-25,56297,상임위원회,과학기술정보방송통신위원회,제22대 제432회 제3차 과학기술정보방송통신위원회 (2026년 02월 25일),2,16,16. 우주개발 진흥법 일부개정법률안(서천호 의원 대표발의)(의안번호 2215563),null,http://w3.assembly.go.kr/main/player.do?menu=1&mc=356&ct1=22&ct2=432&ct3=03&wv=1,https://record.assembly.go.kr/assembly/viewer/minutes/xml.do?id=56297&type=summary,https://record.assembly.go.kr/assembly/viewer/minutes/download/pdf.do?id=56297,1368975
22,2026-02-25,56297,상임위원회,과학기술정보방송통신위원회,제22대 제432회 제3차 과학기술정보방송통신위원회 (2026년 02월 25일),2,17,17. 우주개발 진흥법 일부개정법률안(김위상 의원 대표발의)(의안번호 2215626),null,http://w3.assembly.go.kr/main/player.do?menu=1&mc=356&ct1=22&ct2=432&ct3=03&wv=1,https://record.assembly.go.kr/assembly/viewer/minutes/xml.do?id=56297&type=summary,https://record.assembly.go.kr/assembly/viewer/minutes/download/pdf.do?id=56297,1368975
22,2026-02-25,56297,상임위원회,과학기술정보방송통신위원회,제22대 제432회 제3차 과학기술정보방송통신위원회 (2026년 02월 25일),2,18,18. 원자력 진흥법 일부개정법률안(구자근 의원 대표발의)(의안번호 2215194),null,http://w3.assembly.go.kr/main/player.do?menu=1&mc=356&ct1=22&ct2=432&ct3=03&wv=1,https://record.assembly.go.kr/assembly/viewer/minutes/xml.do?id=56297&type=summary,https://record.assembly.go.kr/assembly/viewer/minutes/download/pdf.do?id=56297,1368975
22,2026-02-25,56297,상임위원회,과학기술정보방송통신위원회,제22대 제432회 제3차 과학기술정보방송통신위원회 (2026년 02월 25일),2,19,19. 원자력 진흥법 일부개정법률안(정부 제출)(의안번호 2216237),null,http://w3.assembly.go.kr/main/player.do?menu=1&mc=356&ct1=22&ct2=432&ct3=03&wv=1,https://record.assembly.go.kr/assembly/viewer/minutes/xml.do?id=56297&type=summary,https://record.assembly.go.kr/assembly/viewer/minutes/download/pdf.do?id=56297,1368975
22,2026-02-25,56297,상임위원회,과학기술정보방송통신위원회,제22대 제432회 제3차 과학기술정보방송통신위원회 (2026년 02월 25일),2,20,20. 원자력안전법 일부개정법률안(황정아 의원 대표발의)(의안번호 2213996),null,http://w3.assembly.go.kr/main/player.do?menu=1&mc=356&ct1=22&ct2=432&ct3=03&wv=1,https://record.assembly.go.kr/assembly/viewer/minutes/xml.do?id=56297&type=summary,https://record.assembly.go.kr/assembly/viewer/minutes/download/pdf.do?id=56297,1368975
22,2026-02-25,56297,상임위원회,과학기술정보방송통신위원회,제22대 제432회 제3차 과학기술정보방송통신위원회 (2026년 02월 25일),2,21,21. 원자력안전법 일부개정법률안(이해민 의원 대표발의)(의안번호 2214370),null,http://w3.assembly.go.kr/main/player.do?menu=1&mc=356&ct1=22&ct2=432&ct3=03&wv=1,https://record.assembly.go.kr/assembly/viewer/minutes/xml.do?id=56297&type=summary,https://record.assembly.go.kr/assembly/viewer/minutes/download/pdf.do?id=56297,1368975
22,2026-02-25,56297,상임위원회,과학기술정보방송통신위원회,제22대 제432회 제3차 과학기술정보방송통신위원회 (2026년 02월 25일),2,22,22. 원자력안전법 일부개정법률안(최수진 의원 대표발의)(의안번호 2215463),null,http://w3.assembly.go.kr/main/player.do?menu=1&mc=356&ct1=22&ct2=432&ct3=03&wv=1,https://record.assembly.go.kr/assembly/viewer/minutes/xml.do?id=56297&type=summary,https://record.assembly.go.kr/assembly/viewer/minutes/download/pdf.do?id=56297,1368975
22,2026-02-25,56297,상임위원회,과학기술정보방송통신위원회,제22대 제432회 제3차 과학기술정보방송통신위원회 (2026년 02월 25일),2,23,23. 원자력안전위원회의 설치 및 운영에 관한 법률 일부개정법률안(이훈기 의원 대표발의)(의안번호 2214013),null,http://w3.assembly.go.kr/main/player.do?menu=1&mc=356&ct1=22&ct2=432&ct3=03&wv=1,https://record.assembly.go.kr/assembly/viewer/minutes/xml.do?id=56297&type=summary,https://record.assembly.go.kr/assembly/viewer/minutes/download/pdf.do?id=56297,1368975
22,2026-02-25,56297,상임위원회,과학기술정보방송통신위원회,제22대 제432회 제3차 과학기술정보방송통신위원회 (2026년 02월 25일),2,24,24. 한국연구재단법 일부개정법률안(이훈기 의원 대표발의)(의안번호 2214377),null,http://w3.assembly.go.kr/main/player.do?menu=1&mc=356&ct1=22&ct2=432&ct3=03&wv=1,https://record.assembly.go.kr/assembly/viewer/minutes/xml.do?id=56297&type=summary,https://record.assembly.go.kr/assembly/viewer/minutes/download/pdf.do?id=56297,1368975
22,2026-02-25,56297,상임위원회,과학기술정보방송통신위원회,제22대 제432회 제3차 과학기술정보방송통신위원회 (2026년 02월 25일),2,25,25. 항공우주산업개발 촉진법 일부개정법률안(정부 제출)(의안번호 2216236),null,http://w3.assembly.go.kr/main/player.do?menu=1&mc=356&ct1=22&ct2=432&ct3=03&wv=1,https://record.assembly.go.kr/assembly/viewer/minutes/xml.do?id=56297&type=summary,https://record.assembly.go.kr/assembly/viewer/minutes/download/pdf.do?id=56297,1368975
22,2026-02-25,56297,상임위원회,과학기술정보방송통신위원회,제22대 제432회 제3차 과학기술정보방송통신위원회 (2026년 02월 25일),2,26,26. 디지털포용법 일부개정법률안(최보윤 의원 대표발의)(의안번호 2214800),null,http://w3.assembly.go.kr/main/player.do?menu=1&mc=356&ct1=22&ct2=432&ct3=03&wv=1,https://record.assembly.go.kr/assembly/viewer/minutes/xml.do?id=56297&type=summary,https://record.assembly.go.kr/assembly/viewer/minutes/download/pdf.do?id=56297,1368975
22,2026-02-25,56297,상임위원회,과학기술정보방송통신위원회,제22대 제432회 제3차 과학기술정보방송통신위원회 (2026년 02월 25일),2,27,27. 방송광고판매대행 등에 관한 법률 일부개정법률안(이훈기 의원 대표발의)(의안번호 2214365),null,http://w3.assembly.go.kr/main/player.do?menu=1&mc=356&ct1=22&ct2=432&ct3=03&wv=1,https://record.assembly.go.kr/assembly/viewer/minutes/xml.do?id=56297&type=summary,https://record.assembly.go.kr/assembly/viewer/minutes/download/pdf.do?id=56297,1368975
22,2026-02-25,56297,상임위원회,과학기술정보방송통신위원회,제22대 제432회 제3차 과학기술정보방송통신위원회 (2026년 02월 25일),2,28,28. 방송미디어통신위원회의 설치 및 운영에 관한 법률 일부개정법률안(이만희 의원 대표발의)(의안번호 2214361),null,http://w3.assembly.go.kr/main/player.do?menu=1&mc=356&ct1=22&ct2=432&ct3=03&wv=1,https://record.assembly.go.kr/assembly/viewer/minutes/xml.do?id=56297&type=summary,https://record.assembly.go.kr/assembly/viewer/minutes/download/pdf.do?id=56297,1368975
22,2026-02-25,56297,상임위원회,과학기술정보방송통신위원회,제22대 제432회 제3차 과학기술정보방송통신위원회 (2026년 02월 25일),2,29,29. 방송미디어통신위원회의 설치 및 운영에 관한 법률 일부개정법률안(조인철 의원 대표발의)(의안번호 2216185),null,http://w3.assembly.go.kr/main/player.do?menu=1&mc=356&ct1=22&ct2=432&ct3=03&wv=1,https://record.assembly.go.kr/assembly/viewer/minutes/xml.do?id=56297&type=summary,https://record.assembly.go.kr/assembly/viewer/minutes/download/pdf.do?id=56297,1368975
22,2026-02-25,56297,상임위원회,과학기술정보방송통신위원회,제22대 제432회 제3차 과학기술정보방송통신위원회 (2026년 02월 25일),2,30,30. 방송미디어통신위원회의 설치 및 운영에 관한 법률 일부개정법률안(김상훈 의원 대표발의)(의안번호 2216242),null,http://w3.assembly.go.kr/main/player.do?menu=1&mc=356&ct1=22&ct2=432&ct3=03&wv=1,https://record.assembly.go.kr/assembly/viewer/minutes/xml.do?id=56297&type=summary,https://record.assembly.go.kr/assembly/viewer/minutes/download/pdf.do?id=56297,1368975
22,2026-02-25,56297,상임위원회,과학기술정보방송통신위원회,제22대 제432회 제3차 과학기술정보방송통신위원회 (2026년 02월 25일),2,31,31. 방송법 일부개정법률안(김우영 의원 대표발의)(의안번호 2214311),null,http://w3.assembly.go.kr/main/player.do?menu=1&mc=356&ct1=22&ct2=432&ct3=03&wv=1,https://record.assembly.go.kr/assembly/viewer/minutes/xml.do?id=56297&type=summary,https://record.assembly.go.kr/assembly/viewer/minutes/download/pdf.do?id=56297,1368975
22,2026-02-25,56297,상임위원회,과학기술정보방송통신위원회,제22대 제432회 제3차 과학기술정보방송통신위원회 (2026년 02월 25일),2,32,32. 방송법 일부개정법률안(이훈기 의원 대표발의)(의안번호 2214792),null,http://w3.assembly.go.kr/main/player.do?menu=1&mc=356&ct1=22&ct2=432&ct3=03&wv=1,https://record.assembly.go.kr/assembly/viewer/minutes/xml.do?id=56297&type=summary,https://record.assembly.go.kr/assembly/viewer/minutes/download/pdf.do?id=56297,1368975
22,2026-02-25,56297,상임위원회,과학기술정보방송통신위원회,제22대 제432회 제3차 과학기술정보방송통신위원회 (2026년 02월 25일),2,33,33. 방송법 일부개정법률안(이해민 의원 대표발의)(의안번호 2215238),null,http://w3.assembly.go.kr/main/player.do?menu=1&mc=356&ct1=22&ct2=432&ct3=03&wv=1,https://record.assembly.go.kr/assembly/viewer/minutes/xml.do?id=56297&type=summary,https://record.assembly.go.kr/assembly/viewer/minutes/download/pdf.do?id=56297,1368975
22,2026-02-25,56297,상임위원회,과학기술정보방송통신위원회,제22대 제432회 제3차 과학기술정보방송통신위원회 (2026년 02월 25일),2,34,34. 방송법 일부개정법률안(노종면 의원 대표발의)(의안번호 2215293),null,http://w3.assembly.go.kr/main/player.do?menu=1&mc=356&ct1=22&ct2=432&ct3=03&wv=1,https://record.assembly.go.kr/assembly/viewer/minutes/xml.do?id=56297&type=summary,https://record.assembly.go.kr/assembly/viewer/minutes/download/pdf.do?id=56297,1368975
22,2026-02-25,56297,상임위원회,과학기술정보방송통신위원회,제22대 제432회 제3차 과학기술정보방송통신위원회 (2026년 02월 25일),2,35,35. 방송법 일부개정법률안(이주희 의원 대표발의)(의안번호 2215615),null,http://w3.assembly.go.kr/main/player.do?menu=1&mc=356&ct1=22&ct2=432&ct3=03&wv=1,https://record.assembly.go.kr/assembly/viewer/minutes/xml.do?id=56297&type=summary,https://record.assembly.go.kr/assembly/viewer/minutes/download/pdf.do?id=56297,1368975
22,2026-02-25,56297,상임위원회,과학기술정보방송통신위원회,제22대 제432회 제3차 과학기술정보방송통신위원회 (2026년 02월 25일),2,36,36. 방송통신발전 기본법 일부개정법률안(이훈기 의원 대표발의)(의안번호 2213646),null,http://w3.assembly.go.kr/main/player.do?menu=1&mc=356&ct1=22&ct2=432&ct3=03&wv=1,https://record.assembly.go.kr/assembly/viewer/minutes/xml.do?id=56297&type=summary,https://record.assembly.go.kr/assembly/viewer/minutes/download/pdf.do?id=56297,1368975
22,2026-02-25,56297,상임위원회,과학기술정보방송통신위원회,제22대 제432회 제3차 과학기술정보방송통신위원회 (2026년 02월 25일),2,37,37. 방송통신발전 기본법 일부개정법률안(황정아 의원 대표발의)(의안번호 2215840),null,http://w3.assembly.go.kr/main/player.do?menu=1&mc=356&ct1=22&ct2=432&ct3=03&wv=1,https://record.assembly.go.kr/assembly/viewer/minutes/xml.do?id=56297&type=summary,https://record.assembly.go.kr/assembly/viewer/minutes/download/pdf.do?id=56297,1368975
22,2026-02-25,56297,상임위원회,과학기술정보방송통신위원회,제22대 제432회 제3차 과학기술정보방송통신위원회 (2026년 02월 25일),2,38,38. 방송통신발전 기본법 일부개정법률안(임호선 의원 대표발의)(의안번호 2216195),null,http://w3.assembly.go.kr/main/player.do?menu=1&mc=356&ct1=22&ct2=432&ct3=03&wv=1,https://record.assembly.go.kr/assembly/viewer/minutes/xml.do?id=56297&type=summary,https://record.assembly.go.kr/assembly/viewer/minutes/download/pdf.do?id=56297,1368975
22,2026-02-25,56297,상임위원회,과학기술정보방송통신위원회,제22대 제432회 제3차 과학기술정보방송통신위원회 (2026년 02월 25일),2,39,39. 별정우체국법 일부개정법률안(윤종군 의원 대표발의)(의안번호 2214761),null,http://w3.assembly.go.kr/main/player.do?menu=1&mc=356&ct1=22&ct2=432&ct3=03&wv=1,https://record.assembly.go.kr/assembly/viewer/minutes/xml.do?id=56297&type=summary,https://record.assembly.go.kr/assembly/viewer/minutes/download/pdf.do?id=56297,1368975
22,2026-02-25,56297,상임위원회,과학기술정보방송통신위원회,제22대 제432회 제3차 과학기술정보방송통신위원회 (2026년 02월 25일),2,40,40. 사이버재해보험법안(박정훈 의원 대표발의)(의안번호 2215050),null,http://w3.assembly.go.kr/main/player.do?menu=1&mc=356&ct1=22&ct2=432&ct3=03&wv=1,https://record.assembly.go.kr/assembly/viewer/minutes/xml.do?id=56297&type=summary,https://record.assembly.go.kr/assembly/viewer/minutes/download/pdf.do?id=56297,1368975
22,2026-02-25,56297,상임위원회,과학기술정보방송통신위원회,제22대 제432회 제3차 과학기술정보방송통신위원회 (2026년 02월 25일),2,41,41. 소프트웨어 진흥법 일부개정법률안(이해민 의원 대표발의)(의안번호 2214631),null,http://w3.assembly.go.kr/main/player.do?menu=1&mc=356&ct1=22&ct2=432&ct3=03&wv=1,https://record.assembly.go.kr/assembly/viewer/minutes/xml.do?id=56297&type=summary,https://record.assembly.go.kr/assembly/viewer/minutes/download/pdf.do?id=56297,1368975
22,2026-02-25,56297,상임위원회,과학기술정보방송통신위원회,제22대 제432회 제3차 과학기술정보방송통신위원회 (2026년 02월 25일),2,42,42. 우정사업 운영에 관한 특례법 일부개정법률안(이정헌 의원 대표발의)(의안번호 2213870),null,http://w3.assembly.go.kr/main/player.do?menu=1&mc=356&ct1=22&ct2=432&ct3=03&wv=1,https://record.assembly.go.kr/assembly/viewer/minutes/xml.do?id=56297&type=summary,https://record.assembly.go.kr/assembly/viewer/minutes/download/pdf.do?id=56297,1368975
22,2026-02-25,56297,상임위원회,과학기술정보방송통신위원회,제22대 제432회 제3차 과학기술정보방송통신위원회 (2026년 02월 25일),2,43,43. 우체국보험특별회계법 일부개정법률안(이정헌 의원 대표발의)(의안번호 2213872),null,http://w3.assembly.go.kr/main/player.do?menu=1&mc=356&ct1=22&ct2=432&ct3=03&wv=1,https://record.assembly.go.kr/assembly/viewer/minutes/xml.do?id=56297&type=summary,https://record.assembly.go.kr/assembly/viewer/minutes/download/pdf.do?id=56297,1368975
22,2026-02-25,56297,상임위원회,과학기술정보방송통신위원회,제22대 제432회 제3차 과학기술정보방송통신위원회 (2026년 02월 25일),2,44,44. 인공지능 발전과 신뢰 기반 조성 등에 관한 기본법 일부개정법률안(최민희 의원 대표발의)(의안번호 2215298),null,http://w3.assembly.go.kr/main/player.do?menu=1&mc=356&ct1=22&ct2=432&ct3=03&wv=1,https://record.assembly.go.kr/assembly/viewer/minutes/xml.do?id=56297&type=summary,https://record.assembly.go.kr/assembly/viewer/minutes/download/pdf.do?id=56297,1368975
22,2026-02-25,56297,상임위원회,과학기술정보방송통신위원회,제22대 제432회 제3차 과학기술정보방송통신위원회 (2026년 02월 25일),2,45,45. 인공지능 발전과 신뢰 기반 조성 등에 관한 기본법 일부개정법률안(이훈기 의원 대표발의)(의안번호 2215322),null,http://w3.assembly.go.kr/main/player.do?menu=1&mc=356&ct1=22&ct2=432&ct3=03&wv=1,https://record.assembly.go.kr/assembly/viewer/minutes/xml.do?id=56297&type=summary,https://record.assembly.go.kr/assembly/viewer/minutes/download/pdf.do?id=56297,1368975
22,2026-02-25,56297,상임위원회,과학기술정보방송통신위원회,제22대 제432회 제3차 과학기술정보방송통신위원회 (2026년 02월 25일),2,46,46. 인공지능 발전과 신뢰 기반 조성 등에 관한 기본법 일부개정법률안(김우영 의원 대표발의)(의안번호 2215967),null,http://w3.assembly.go.kr/main/player.do?menu=1&mc=356&ct1=22&ct2=432&ct3=03&wv=1,https://record.assembly.go.kr/assembly/viewer/minutes/xml.do?id=56297&type=summary,https://record.assembly.go.kr/assembly/viewer/minutes/download/pdf.do?id=56297,1368975
22,2026-02-25,56297,상임위원회,과학기술정보방송통신위원회,제22대 제432회 제3차 과학기술정보방송통신위원회 (2026년 02월 25일),2,47,47. 인공지능 발전과 신뢰 기반 조성 등에 관한 기본법 일부개정법률안(정춘생 의원 대표발의)(의안번호 2216221),null,http://w3.assembly.go.kr/main/player.do?menu=1&mc=356&ct1=22&ct2=432&ct3=03&wv=1,https://record.assembly.go.kr/assembly/viewer/minutes/xml.do?id=56297&type=summary,https://record.assembly.go.kr/assembly/viewer/minutes/download/pdf.do?id=56297,1368975
22,2026-02-25,56297,상임위원회,과학기술정보방송통신위원회,제22대 제432회 제3차 과학기술정보방송통신위원회 (2026년 02월 25일),2,48,48. 인터넷 멀티미디어 방송사업법 일부개정법률안(김우영 의원 대표발의)(의안번호 2214309),null,http://w3.assembly.go.kr/main/player.do?menu=1&mc=356&ct1=22&ct2=432&ct3=03&wv=1,https://record.assembly.go.kr/assembly/viewer/minutes/xml.do?id=56297&type=summary,https://record.assembly.go.kr/assembly/viewer/minutes/download/pdf.do?id=56297,1368975
22,2026-02-25,56297,상임위원회,과학기술정보방송통신위원회,제22대 제432회 제3차 과학기술정보방송통신위원회 (2026년 02월 25일),2,49,49. 전기통신사업법 일부개정법률안(김기웅 의원 대표발의)(의안번호 2214206),null,http://w3.assembly.go.kr/main/player.do?menu=1&mc=356&ct1=22&ct2=432&ct3=03&wv=1,https://record.assembly.go.kr/assembly/viewer/minutes/xml.do?id=56297&type=summary,https://record.assembly.go.kr/assembly/viewer/minutes/download/pdf.do?id=56297,1368975
22,2026-02-25,56297,상임위원회,과학기술정보방송통신위원회,제22대 제432회 제3차 과학기술정보방송통신위원회 (2026년 02월 25일),2,50,50. 전기통신사업법 일부개정법률안(한민수 의원 대표발의)(의안번호 2214388),null,http://w3.assembly.go.kr/main/player.do?menu=1&mc=356&ct1=22&ct2=432&ct3=03&wv=1,https://record.assembly.go.kr/assembly/viewer/minutes/xml.do?id=56297&type=summary,https://record.assembly.go.kr/assembly/viewer/minutes/download/pdf.do?id=56297,1368975
22,2026-02-25,56297,상임위원회,과학기술정보방송통신위원회,제22대 제432회 제3차 과학기술정보방송통신위원회 (2026년 02월 25일),2,51,51. 전기통신사업법 일부개정법률안(조인철 의원 대표발의)(의안번호 2214741),null,http://w3.assembly.go.kr/main/player.do?menu=1&mc=356&ct1=22&ct2=432&ct3=03&wv=1,https://record.assembly.go.kr/assembly/viewer/minutes/xml.do?id=56297&type=summary,https://record.assembly.go.kr/assembly/viewer/minutes/download/pdf.do?id=56297,1368975
22,2026-02-25,56297,상임위원회,과학기술정보방송통신위원회,제22대 제432회 제3차 과학기술정보방송통신위원회 (2026년 02월 25일),2,52,52. 전기통신사업법 일부개정법률안(조인철 의원 대표발의)(의안번호 2215169),null,http://w3.assembly.go.kr/main/player.do?menu=1&mc=356&ct1=22&ct2=432&ct3=03&wv=1,https://record.assembly.go.kr/assembly/viewer/minutes/xml.do?id=56297&type=summary,https://record.assembly.go.kr/assembly/viewer/minutes/download/pdf.do?id=56297,1368975
22,2026-02-25,56297,상임위원회,과학기술정보방송통신위원회,제22대 제432회 제3차 과학기술정보방송통신위원회 (2026년 02월 25일),2,53,53. 전기통신사업법 일부개정법률안(조인철 의원 대표발의)(의안번호 2215242),null,http://w3.assembly.go.kr/main/player.do?menu=1&mc=356&ct1=22&ct2=432&ct3=03&wv=1,https://record.assembly.go.kr/assembly/viewer/minutes/xml.do?id=56297&type=summary,https://record.assembly.go.kr/assembly/viewer/minutes/download/pdf.do?id=56297,1368975
22,2026-02-25,56297,상임위원회,과학기술정보방송통신위원회,제22대 제432회 제3차 과학기술정보방송통신위원회 (2026년 02월 25일),2,54,54. 전기통신사업법 일부개정법률안(임호선 의원 대표발의)(의안번호 2215470),null,http://w3.assembly.go.kr/main/player.do?menu=1&mc=356&ct1=22&ct2=432&ct3=03&wv=1,https://record.assembly.go.kr/assembly/viewer/minutes/xml.do?id=56297&type=summary,https://record.assembly.go.kr/assembly/viewer/minutes/download/pdf.do?id=56297,1368975
22,2026-02-25,56297,상임위원회,과학기술정보방송통신위원회,제22대 제432회 제3차 과학기술정보방송통신위원회 (2026년 02월 25일),2,55,55. 전기통신사업법 일부개정법률안(김민전 의원 대표발의)(의안번호 2215594),null,http://w3.assembly.go.kr/main/player.do?menu=1&mc=356&ct1=22&ct2=432&ct3=03&wv=1,https://record.assembly.go.kr/assembly/viewer/minutes/xml.do?id=56297&type=summary,https://record.assembly.go.kr/assembly/viewer/minutes/download/pdf.do?id=56297,1368975
22,2026-02-25,56297,상임위원회,과학기술정보방송통신위원회,제22대 제432회 제3차 과학기술정보방송통신위원회 (2026년 02월 25일),2,56,56. 전기통신사업법 일부개정법률안(이주희 의원 대표발의)(의안번호 2215625),null,http://w3.assembly.go.kr/main/player.do?menu=1&mc=356&ct1=22&ct2=432&ct3=03&wv=1,https://record.assembly.go.kr/assembly/viewer/minutes/xml.do?id=56297&type=summary,https://record.assembly.go.kr/assembly/viewer/minutes/download/pdf.do?id=56297,1368975
22,2026-02-25,56297,상임위원회,과학기술정보방송통신위원회,제22대 제432회 제3차 과학기술정보방송통신위원회 (2026년 02월 25일),2,57,57. 전기통신사업법 일부개정법률안(김장겸 의원 대표발의)(의안번호 2215628),null,http://w3.assembly.go.kr/main/player.do?menu=1&mc=356&ct1=22&ct2=432&ct3=03&wv=1,https://record.assembly.go.kr/assembly/viewer/minutes/xml.do?id=56297&type=summary,https://record.assembly.go.kr/assembly/viewer/minutes/download/pdf.do?id=56297,1368975
22,2026-02-25,56297,상임위원회,과학기술정보방송통신위원회,제22대 제432회 제3차 과학기술정보방송통신위원회 (2026년 02월 25일),2,58,58. 전기통신사업법 일부개정법률안(김장겸 의원 대표발의)(의안번호 2215658),null,http://w3.assembly.go.kr/main/player.do?menu=1&mc=356&ct1=22&ct2=432&ct3=03&wv=1,https://record.assembly.go.kr/assembly/viewer/minutes/xml.do?id=56297&type=summary,https://record.assembly.go.kr/assembly/viewer/minutes/download/pdf.do?id=56297,1368975
22,2026-02-25,56297,상임위원회,과학기술정보방송통신위원회,제22대 제432회 제3차 과학기술정보방송통신위원회 (2026년 02월 25일),2,59,59. 전기통신사업법 일부개정법률안(이주희 의원 대표발의)(의안번호 2215666),null,http://w3.assembly.go.kr/main/player.do?menu=1&mc=356&ct1=22&ct2=432&ct3=03&wv=1,https://record.assembly.go.kr/assembly/viewer/minutes/xml.do?id=56297&type=summary,https://record.assembly.go.kr/assembly/viewer/minutes/download/pdf.do?id=56297,1368975
22,2026-02-25,56297,상임위원회,과학기술정보방송통신위원회,제22대 제432회 제3차 과학기술정보방송통신위원회 (2026년 02월 25일),2,60,60. 전기통신사업법 일부개정법률안(이주희 의원 대표발의)(의안번호 2215858),null,http://w3.assembly.go.kr/main/player.do?menu=1&mc=356&ct1=22&ct2=432&ct3=03&wv=1,https://record.assembly.go.kr/assembly/viewer/minutes/xml.do?id=56297&type=summary,https://record.assembly.go.kr/assembly/viewer/minutes/download/pdf.do?id=56297,1368975
22,2026-02-25,56297,상임위원회,과학기술정보방송통신위원회,제22대 제432회 제3차 과학기술정보방송통신위원회 (2026년 02월 25일),2,61,61. 전기통신사업법 일부개정법률안(김정호 의원 대표발의)(의안번호 2215922),null,http://w3.assembly.go.kr/main/player.do?menu=1&mc=356&ct1=22&ct2=432&ct3=03&wv=1,https://record.assembly.go.kr/assembly/viewer/minutes/xml.do?id=56297&type=summary,https://record.assembly.go.kr/assembly/viewer/minutes/download/pdf.do?id=56297,1368975
22,2026-02-25,56297,상임위원회,과학기술정보방송통신위원회,제22대 제432회 제3차 과학기술정보방송통신위원회 (2026년 02월 25일),2,62,62. 전파법 일부개정법률안(성일종 의원 대표발의)(의안번호 2213995),null,http://w3.assembly.go.kr/main/player.do?menu=1&mc=356&ct1=22&ct2=432&ct3=03&wv=1,https://record.assembly.go.kr/assembly/viewer/minutes/xml.do?id=56297&type=summary,https://record.assembly.go.kr/assembly/viewer/minutes/download/pdf.do?id=56297,1368975
22,2026-02-25,56297,상임위원회,과학기술정보방송통신위원회,제22대 제432회 제3차 과학기술정보방송통신위원회 (2026년 02월 25일),2,63,63. 전파법 일부개정법률안(이훈기 의원 대표발의)(의안번호 2214360),null,http://w3.assembly.go.kr/main/player.do?menu=1&mc=356&ct1=22&ct2=432&ct3=03&wv=1,https://record.assembly.go.kr/assembly/viewer/minutes/xml.do?id=56297&type=summary,https://record.assembly.go.kr/assembly/viewer/minutes/download/pdf.do?id=56297,1368975
22,2026-02-25,56297,상임위원회,과학기술정보방송통신위원회,제22대 제432회 제3차 과학기술정보방송통신위원회 (2026년 02월 25일),2,64,64. 전파법 일부개정법률안(박충권 의원 대표발의)(의안번호 2215001),null,http://w3.assembly.go.kr/main/player.do?menu=1&mc=356&ct1=22&ct2=432&ct3=03&wv=1,https://record.assembly.go.kr/assembly/viewer/minutes/xml.do?id=56297&type=summary,https://record.assembly.go.kr/assembly/viewer/minutes/download/pdf.do?id=56297,1368975
22,2026-02-25,56297,상임위원회,과학기술정보방송통신위원회,제22대 제432회 제3차 과학기술정보방송통신위원회 (2026년 02월 25일),2,65,65. 전파법 일부개정법률안(안철수 의원 대표발의)(의안번호 2215958),null,http://w3.assembly.go.kr/main/player.do?menu=1&mc=356&ct1=22&ct2=432&ct3=03&wv=1,https://record.assembly.go.kr/assembly/viewer/minutes/xml.do?id=56297&type=summary,https://record.assembly.go.kr/assembly/viewer/minutes/download/pdf.do?id=56297,1368975
22,2026-02-25,56297,상임위원회,과학기술정보방송통신위원회,제22대 제432회 제3차 과학기술정보방송통신위원회 (2026년 02월 25일),2,66,66. 정보보호 교육 진흥 및 전문인력 육성에 관한 법률안(김도읍 의원 대표발의)(의안번호 2214289),null,http://w3.assembly.go.kr/main/player.do?menu=1&mc=356&ct1=22&ct2=432&ct3=03&wv=1,https://record.assembly.go.kr/assembly/viewer/minutes/xml.do?id=56297&type=summary,https://record.assembly.go.kr/assembly/viewer/minutes/download/pdf.do?id=56297,1368975
22,2026-02-25,56297,상임위원회,과학기술정보방송통신위원회,제22대 제432회 제3차 과학기술정보방송통신위원회 (2026년 02월 25일),2,67,67. 정보보호산업의 진흥에 관한 법률 일부개정법률안(한민수 의원 대표발의)(의안번호 2215797),null,http://w3.assembly.go.kr/main/player.do?menu=1&mc=356&ct1=22&ct2=432&ct3=03&wv=1,https://record.assembly.go.kr/assembly/viewer/minutes/xml.do?id=56297&type=summary,https://record.assembly.go.kr/assembly/viewer/minutes/download/pdf.do?id=56297,1368975
22,2026-02-25,56297,상임위원회,과학기술정보방송통신위원회,제22대 제432회 제3차 과학기술정보방송통신위원회 (2026년 02월 25일),2,68,68. 정보보호산업의 진흥에 관한 법률 일부개정법률안(김태호 의원 대표발의)(의안번호 2215944),null,http://w3.assembly.go.kr/main/player.do?menu=1&mc=356&ct1=22&ct2=432&ct3=03&wv=1,https://record.assembly.go.kr/assembly/viewer/minutes/xml.do?id=56297&type=summary,https://record.assembly.go.kr/assembly/viewer/minutes/download/pdf.do?id=56297,1368975
22,2026-02-25,56297,상임위원회,과학기술정보방송통신위원회,제22대 제432회 제3차 과학기술정보방송통신위원회 (2026년 02월 25일),2,69,69. 정보통신공사업법 일부개정법률안(김주영 의원 대표발의)(의안번호 2214722),null,http://w3.assembly.go.kr/main/player.do?menu=1&mc=356&ct1=22&ct2=432&ct3=03&wv=1,https://record.assembly.go.kr/assembly/viewer/minutes/xml.do?id=56297&type=summary,https://record.assembly.go.kr/assembly/viewer/minutes/download/pdf.do?id=56297,1368975
22,2026-02-25,56297,상임위원회,과학기술정보방송통신위원회,제22대 제432회 제3차 과학기술정보방송통신위원회 (2026년 02월 25일),2,70,70. 정보통신망 이용촉진 및 정보보호 등에 관한 법률 일부개정법률안(조인철 의원 대표발의)(의안번호 2213857),null,http://w3.assembly.go.kr/main/player.do?menu=1&mc=356&ct1=22&ct2=432&ct3=03&wv=1,https://record.assembly.go.kr/assembly/viewer/minutes/xml.do?id=56297&type=summary,https://record.assembly.go.kr/assembly/viewer/minutes/download/pdf.do?id=56297,1368975
22,2026-02-25,56297,상임위원회,과학기술정보방송통신위원회,제22대 제432회 제3차 과학기술정보방송통신위원회 (2026년 02월 25일),2,71,71. 정보통신망 이용촉진 및 정보보호 등에 관한 법률 일부개정법률안(황정아 의원 대표발의)(의안번호 2213944),null,http://w3.assembly.go.kr/main/player.do?menu=1&mc=356&ct1=22&ct2=432&ct3=03&wv=1,https://record.assembly.go.kr/assembly/viewer/minutes/xml.do?id=56297&type=summary,https://record.assembly.go.kr/assembly/viewer/minutes/download/pdf.do?id=56297,1368975
22,2026-02-25,56297,상임위원회,과학기술정보방송통신위원회,제22대 제432회 제3차 과학기술정보방송통신위원회 (2026년 02월 25일),2,72,72. 정보통신망 이용촉진 및 정보보호 등에 관한 법률 일부개정법률안(황정아 의원 대표발의)(의안번호 2213992),null,http://w3.assembly.go.kr/main/player.do?menu=1&mc=356&ct1=22&ct2=432&ct3=03&wv=1,https://record.assembly.go.kr/assembly/viewer/minutes/xml.do?id=56297&type=summary,https://record.assembly.go.kr/assembly/viewer/minutes/download/pdf.do?id=56297,1368975
22,2026-02-25,56297,상임위원회,과학기술정보방송통신위원회,제22대 제432회 제3차 과학기술정보방송통신위원회 (2026년 02월 25일),2,73,73. 정보통신망 이용촉진 및 정보보호 등에 관한 법률 일부개정법률안(김소희 의원 대표발의)(의안번호 2214126),null,http://w3.assembly.go.kr/main/player.do?menu=1&mc=356&ct1=22&ct2=432&ct3=03&wv=1,https://record.assembly.go.kr/assembly/viewer/minutes/xml.do?id=56297&type=summary,https://record.assembly.go.kr/assembly/viewer/minutes/download/pdf.do?id=56297,1368975
22,2026-02-25,56297,상임위원회,과학기술정보방송통신위원회,제22대 제432회 제3차 과학기술정보방송통신위원회 (2026년 02월 25일),2,74,74. 정보통신망 이용촉진 및 정보보호 등에 관한 법률 일부개정법률안(이훈기 의원 대표발의)(의안번호 2214378),null,http://w3.assembly.go.kr/main/player.do?menu=1&mc=356&ct1=22&ct2=432&ct3=03&wv=1,https://record.assembly.go.kr/assembly/viewer/minutes/xml.do?id=56297&type=summary,https://record.assembly.go.kr/assembly/viewer/minutes/download/pdf.do?id=56297,1368975
22,2026-02-25,56297,상임위원회,과학기술정보방송통신위원회,제22대 제432회 제3차 과학기술정보방송통신위원회 (2026년 02월 25일),2,75,75. 정보통신망 이용촉진 및 정보보호 등에 관한 법률 일부개정법률안(한민수 의원 대표발의)(의안번호 2215209),null,http://w3.assembly.go.kr/main/player.do?menu=1&mc=356&ct1=22&ct2=432&ct3=03&wv=1,https://record.assembly.go.kr/assembly/viewer/minutes/xml.do?id=56297&type=summary,https://record.assembly.go.kr/assembly/viewer/minutes/download/pdf.do?id=56297,1368975
22,2026-02-25,56297,상임위원회,과학기술정보방송통신위원회,제22대 제432회 제3차 과학기술정보방송통신위원회 (2026년 02월 25일),2,76,76. 정보통신망 이용촉진 및 정보보호 등에 관한 법률 일부개정법률안(최민희 의원 대표발의)(의안번호 2215299),null,http://w3.assembly.go.kr/main/player.do?menu=1&mc=356&ct1=22&ct2=432&ct3=03&wv=1,https://record.assembly.go.kr/assembly/viewer/minutes/xml.do?id=56297&type=summary,https://record.assembly.go.kr/assembly/viewer/minutes/download/pdf.do?id=56297,1368975
22,2026-02-25,56297,상임위원회,과학기술정보방송통신위원회,제22대 제432회 제3차 과학기술정보방송통신위원회 (2026년 02월 25일),2,77,77. 정보통신망 이용촉진 및 정보보호 등에 관한 법률 일부개정법률안(이해민 의원 대표발의)(의안번호 2215361),null,http://w3.assembly.go.kr/main/player.do?menu=1&mc=356&ct1=22&ct2=432&ct3=03&wv=1,https://record.assembly.go.kr/assembly/viewer/minutes/xml.do?id=56297&type=summary,https://record.assembly.go.kr/assembly/viewer/minutes/download/pdf.do?id=56297,1368975
22,2026-02-25,56297,상임위원회,과학기술정보방송통신위원회,제22대 제432회 제3차 과학기술정보방송통신위원회 (2026년 02월 25일),2,78,78. 정보통신망 이용촉진 및 정보보호 등에 관한 법률 일부개정법률안(조인철 의원 대표발의)(의안번호 2215559),null,http://w3.assembly.go.kr/main/player.do?menu=1&mc=356&ct1=22&ct2=432&ct3=03&wv=1,https://record.assembly.go.kr/assembly/viewer/minutes/xml.do?id=56297&type=summary,https://record.assembly.go.kr/assembly/viewer/minutes/download/pdf.do?id=56297,1368975
22,2026-02-25,56297,상임위원회,과학기술정보방송통신위원회,제22대 제432회 제3차 과학기술정보방송통신위원회 (2026년 02월 25일),2,79,79. 정보통신망 이용촉진 및 정보보호 등에 관한 법률 일부개정법률안(최민희 의원 대표발의)(의안번호 2215604),null,http://w3.assembly.go.kr/main/player.do?menu=1&mc=356&ct1=22&ct2=432&ct3=03&wv=1,https://record.assembly.go.kr/assembly/viewer/minutes/xml.do?id=56297&type=summary,https://record.assembly.go.kr/assembly/viewer/minutes/download/pdf.do?id=56297,1368975
22,2026-02-25,56297,상임위원회,과학기술정보방송통신위원회,제22대 제432회 제3차 과학기술정보방송통신위원회 (2026년 02월 25일),2,80,80. 정보통신망 이용촉진 및 정보보호 등에 관한 법률 일부개정법률안(최민희 의원 대표발의)(의안번호 2215639),null,http://w3.assembly.go.kr/main/player.do?menu=1&mc=356&ct1=22&ct2=432&ct3=03&wv=1,https://record.assembly.go.kr/assembly/viewer/minutes/xml.do?id=56297&type=summary,https://record.assembly.go.kr/assembly/viewer/minutes/download/pdf.do?id=56297,1368975
22,2026-02-25,56297,상임위원회,과학기술정보방송통신위원회,제22대 제432회 제3차 과학기술정보방송통신위원회 (2026년 02월 25일),2,81,81. 정보통신망 이용촉진 및 정보보호 등에 관한 법률 일부개정법률안(박충권 의원 대표발의)(의안번호 2215722),null,http://w3.assembly.go.kr/main/player.do?menu=1&mc=356&ct1=22&ct2=432&ct3=03&wv=1,https://record.assembly.go.kr/assembly/viewer/minutes/xml.do?id=56297&type=summary,https://record.assembly.go.kr/assembly/viewer/minutes/download/pdf.do?id=56297,1368975
22,2026-02-25,56297,상임위원회,과학기술정보방송통신위원회,제22대 제432회 제3차 과학기술정보방송통신위원회 (2026년 02월 25일),2,82,82. 정보통신망 이용촉진 및 정보보호 등에 관한 법률 일부개정법률안(한정애 의원 대표발의)(의안번호 2215833),null,http://w3.assembly.go.kr/main/player.do?menu=1&mc=356&ct1=22&ct2=432&ct3=03&wv=1,https://record.assembly.go.kr/assembly/viewer/minutes/xml.do?id=56297&type=summary,https://record.assembly.go.kr/assembly/viewer/minutes/download/pdf.do?id=56297,1368975
22,2026-02-25,56297,상임위원회,과학기술정보방송통신위원회,제22대 제432회 제3차 과학기술정보방송통신위원회 (2026년 02월 25일),2,83,83. 정보통신망 이용촉진 및 정보보호 등에 관한 법률 일부개정법률안(이주희 의원 대표발의)(의안번호 2215933),null,http://w3.assembly.go.kr/main/player.do?menu=1&mc=356&ct1=22&ct2=432&ct3=03&wv=1,https://record.assembly.go.kr/assembly/viewer/minutes/xml.do?id=56297&type=summary,https://record.assembly.go.kr/assembly/viewer/minutes/download/pdf.do?id=56297,1368975
22,2026-02-25,56297,상임위원회,과학기술정보방송통신위원회,제22대 제432회 제3차 과학기술정보방송통신위원회 (2026년 02월 25일),2,84,84. 정보통신망 이용촉진 및 정보보호 등에 관한 법률 일부개정법률안(김미애 의원 대표발의)(의안번호 2215986),null,http://w3.assembly.go.kr/main/player.do?menu=1&mc=356&ct1=22&ct2=432&ct3=03&wv=1,https://record.assembly.go.kr/assembly/viewer/minutes/xml.do?id=56297&type=summary,https://record.assembly.go.kr/assembly/viewer/minutes/download/pdf.do?id=56297,1368975
22,2026-02-25,56297,상임위원회,과학기술정보방송통신위원회,제22대 제432회 제3차 과학기술정보방송통신위원회 (2026년 02월 25일),2,85,85. 정보통신망 이용촉진 및 정보보호 등에 관한 법률 일부개정법률안(이재강 의원 대표발의)(의안번호 2216028),null,http://w3.assembly.go.kr/main/player.do?menu=1&mc=356&ct1=22&ct2=432&ct3=03&wv=1,https://record.assembly.go.kr/assembly/viewer/minutes/xml.do?id=56297&type=summary,https://record.assembly.go.kr/assembly/viewer/minutes/download/pdf.do?id=56297,1368975
22,2026-02-25,56297,상임위원회,과학기술정보방송통신위원회,제22대 제432회 제3차 과학기술정보방송통신위원회 (2026년 02월 25일),2,86,86. 정보통신망 이용촉진 및 정보보호 등에 관한 법률 일부개정법률안(배현진 의원 대표발의)(의안번호 2216041),null,http://w3.assembly.go.kr/main/player.do?menu=1&mc=356&ct1=22&ct2=432&ct3=03&wv=1,https://record.assembly.go.kr/assembly/viewer/minutes/xml.do?id=56297&type=summary,https://record.assembly.go.kr/assembly/viewer/minutes/download/pdf.do?id=56297,1368975
22,2026-02-25,56297,상임위원회,과학기술정보방송통신위원회,제22대 제432회 제3차 과학기술정보방송통신위원회 (2026년 02월 25일),2,87,87. 정보통신망 이용촉진 및 정보보호 등에 관한 법률 일부개정법률안(최형두 의원 대표발의)(의안번호 2216078),null,http://w3.assembly.go.kr/main/player.do?menu=1&mc=356&ct1=22&ct2=432&ct3=03&wv=1,https://record.assembly.go.kr/assembly/viewer/minutes/xml.do?id=56297&type=summary,https://record.assembly.go.kr/assembly/viewer/minutes/download/pdf.do?id=56297,1368975
22,2026-02-25,56297,상임위원회,과학기술정보방송통신위원회,제22대 제432회 제3차 과학기술정보방송통신위원회 (2026년 02월 25일),2,88,88. 정보통신망 이용촉진 및 정보보호 등에 관한 법률 일부개정법률안(김장겸 의원 대표발의)(의안번호 2216079),null,http://w3.assembly.go.kr/main/player.do?menu=1&mc=356&ct1=22&ct2=432&ct3=03&wv=1,https://record.assembly.go.kr/assembly/viewer/minutes/xml.do?id=56297&type=summary,https://record.assembly.go.kr/assembly/viewer/minutes/download/pdf.do?id=56297,1368975
22,2026-02-25,56297,상임위원회,과학기술정보방송통신위원회,제22대 제432회 제3차 과학기술정보방송통신위원회 (2026년 02월 25일),2,89,89. 정보통신망 이용촉진 및 정보보호 등에 관한 법률 일부개정법률안(조인철 의원 대표발의)(의안번호 2216202),null,http://w3.assembly.go.kr/main/player.do?menu=1&mc=356&ct1=22&ct2=432&ct3=03&wv=1,https://record.assembly.go.kr/assembly/viewer/minutes/xml.do?id=56297&type=summary,https://record.assembly.go.kr/assembly/viewer/minutes/download/pdf.do?id=56297,1368975
22,2026-02-25,56297,상임위원회,과학기술정보방송통신위원회,제22대 제432회 제3차 과학기술정보방송통신위원회 (2026년 02월 25일),2,90,90. 정보통신망 이용촉진 및 정보보호 등에 관한 법률 일부개정법률안(박덕흠 의원 대표발의)(의안번호 2216217),null,http://w3.assembly.go.kr/main/player.do?menu=1&mc=356&ct1=22&ct2=432&ct3=03&wv=1,https://record.assembly.go.kr/assembly/viewer/minutes/xml.do?id=56297&type=summary,https://record.assembly.go.kr/assembly/viewer/minutes/download/pdf.do?id=56297,1368975
22,2026-02-25,56297,상임위원회,과학기술정보방송통신위원회,제22대 제432회 제3차 과학기술정보방송통신위원회 (2026년 02월 25일),2,91,91. 정보통신망 이용촉진 및 정보보호 등에 관한 법률 일부개정법률안(최형두 의원 대표발의)(의안번호 2216230),null,http://w3.assembly.go.kr/main/player.do?menu=1&mc=356&ct1=22&ct2=432&ct3=03&wv=1,https://record.assembly.go.kr/assembly/viewer/minutes/xml.do?id=56297&type=summary,https://record.assembly.go.kr/assembly/viewer/minutes/download/pdf.do?id=56297,1368975
22,2026-02-25,56297,상임위원회,과학기술정보방송통신위원회,제22대 제432회 제3차 과학기술정보방송통신위원회 (2026년 02월 25일),2,92,92. 정보통신망 이용촉진 및 정보보호 등에 관한 법률 일부개정법률안(이해민 의원 대표발의)(의안번호 2216243),null,http://w3.assembly.go.kr/main/player.do?menu=1&mc=356&ct1=22&ct2=432&ct3=03&wv=1,https://record.assembly.go.kr/assembly/viewer/minutes/xml.do?id=56297&type=summary,https://record.assembly.go.kr/assembly/viewer/minutes/download/pdf.do?id=56297,1368975
22,2026-02-25,56297,상임위원회,과학기술정보방송통신위원회,제22대 제432회 제3차 과학기술정보방송통신위원회 (2026년 02월 25일),2,93,93. 정보통신망 이용촉진 및 정보보호 등에 관한 법률 일부개정법률안(최형두 의원 대표발의)(의안번호 2216276),null,http://w3.assembly.go.kr/main/player.do?menu=1&mc=356&ct1=22&ct2=432&ct3=03&wv=1,https://record.assembly.go.kr/assembly/viewer/minutes/xml.do?id=56297&type=summary,https://record.assembly.go.kr/assembly/viewer/minutes/download/pdf.do?id=56297,1368975
22,2026-02-25,56297,상임위원회,과학기술정보방송통신위원회,제22대 제432회 제3차 과학기술정보방송통신위원회 (2026년 02월 25일),2,94,94. 지능정보화 기본법 일부개정법률안(이훈기 의원 대표발의)(의안번호 2214379),null,http://w3.assembly.go.kr/main/player.do?menu=1&mc=356&ct1=22&ct2=432&ct3=03&wv=1,https://record.assembly.go.kr/assembly/viewer/minutes/xml.do?id=56297&type=summary,https://record.assembly.go.kr/assembly/viewer/minutes/download/pdf.do?id=56297,1368975
22,2026-02-25,56297,상임위원회,과학기술정보방송통신위원회,제22대 제432회 제3차 과학기술정보방송통신위원회 (2026년 02월 25일),2,95,95. 클라우드컴퓨팅 발전 및 이용자 보호에 관한 법률 일부개정법률안(최형두 의원 대표발의)(의안번호 2216227),null,http://w3.assembly.go.kr/main/player.do?menu=1&mc=356&ct1=22&ct2=432&ct3=03&wv=1,https://record.assembly.go.kr/assembly/viewer/minutes/xml.do?id=56297&type=summary,https://record.assembly.go.kr/assembly/viewer/minutes/download/pdf.do?id=56297,1368975
22,2026-02-25,56297,상임위원회,과학기술정보방송통신위원회,제22대 제432회 제3차 과학기술정보방송통신위원회 (2026년 02월 25일),2,96,96. 한국교육방송공사법 일부개정법률안(이훈기 의원 대표발의)(의안번호 2214793),null,http://w3.assembly.go.kr/main/player.do?menu=1&mc=356&ct1=22&ct2=432&ct3=03&wv=1,https://record.assembly.go.kr/assembly/viewer/minutes/xml.do?id=56297&type=summary,https://record.assembly.go.kr/assembly/viewer/minutes/download/pdf.do?id=56297,1368975
22,2026-02-25,56297,상임위원회,과학기술정보방송통신위원회,제22대 제432회 제3차 과학기술정보방송통신위원회 (2026년 02월 25일),2,97,"97. 핸드폰개통 시 안면인식 의무화 정책 반대에 관한 청원(강다연외 50,179인 국민동의로 제출)(청원번호 2200263)",null,http://w3.assembly.go.kr/main/player.do?menu=1&mc=356&ct1=22&ct2=432&ct3=03&wv=1,https://record.assembly.go.kr/assembly/viewer/minutes/xml.do?id=56297&type=summary,https://record.assembly.go.kr/assembly/viewer/minutes/download/pdf.do?id=56297,1368975
22,2026-02-25,56297,상임위원회,과학기술정보방송통신위원회,제22대 제432회 제3차 과학기술정보방송통신위원회 (2026년 02월 25일),2,98,98. 과학기술기본법 일부개정법률안(조인철 의원 대표발의)(의안번호 2209297),null,http://w3.assembly.go.kr/main/player.do?menu=1&mc=356&ct1=22&ct2=432&ct3=03&wv=1,https://record.assembly.go.kr/assembly/viewer/minutes/xml.do?id=56297&type=summary,https://record.assembly.go.kr/assembly/viewer/minutes/download/pdf.do?id=56297,1368975
22,2026-02-25,56297,상임위원회,과학기술정보방송통신위원회,제22대 제432회 제3차 과학기술정보방송통신위원회 (2026년 02월 25일),2,99,99. 여성과학기술인 육성 및 지원에 관한 법률 일부개정법률안(박충권 의원 대표발의)(의안번호 2208967),null,http://w3.assembly.go.kr/main/player.do?menu=1&mc=356&ct1=22&ct2=432&ct3=03&wv=1,https://record.assembly.go.kr/assembly/viewer/minutes/xml.do?id=56297&type=summary,https://record.assembly.go.kr/assembly/viewer/minutes/download/pdf.do?id=56297,1368975
22,2026-02-25,56297,상임위원회,과학기술정보방송통신위원회,제22대 제432회 제3차 과학기술정보방송통신위원회 (2026년 02월 25일),2,100,100. 방송법 일부개정법률안(김현 의원 대표발의)(의안번호 2207480),null,http://w3.assembly.go.kr/main/player.do?menu=1&mc=356&ct1=22&ct2=432&ct3=03&wv=1,https://record.assembly.go.kr/assembly/viewer/minutes/xml.do?id=56297&type=summary,https://record.assembly.go.kr/assembly/viewer/minutes/download/pdf.do?id=56297,1368975
22,2026-02-25,56297,상임위원회,과학기술정보방송통신위원회,제22대 제432회 제3차 과학기술정보방송통신위원회 (2026년 02월 25일),2,101,101. 방송법 일부개정법률안(이정문 의원 대표발의)(의안번호 2207899),null,http://w3.assembly.go.kr/main/player.do?menu=1&mc=356&ct1=22&ct2=432&ct3=03&wv=1,https://record.assembly.go.kr/assembly/viewer/minutes/xml.do?id=56297&type=summary,https://record.assembly.go.kr/assembly/viewer/minutes/download/pdf.do?id=56297,1368975
22,2026-02-25,56297,상임위원회,과학기술정보방송통신위원회,제22대 제432회 제3차 과학기술정보방송통신위원회 (2026년 02월 25일),2,102,102. 방송법 일부개정법률안(대안),null,http://w3.assembly.go.kr/main/player.do?menu=1&mc=356&ct1=22&ct2=432&ct3=03&wv=1,https://record.assembly.go.kr/assembly/viewer/minutes/xml.do?id=56297&type=summary,https://record.assembly.go.kr/assembly/viewer/minutes/download/pdf.do?id=56297,1368975
22,2026-02-25,56297,상임위원회,과학기술정보방송통신위원회,제22대 제432회 제3차 과학기술정보방송통신위원회 (2026년 02월 25일),2,103,103. 별정우체국법 일부개정법률안(장종태 의원 대표발의)(의안번호 2210268),null,http://w3.assembly.go.kr/main/player.do?menu=1&mc=356&ct1=22&ct2=432&ct3=03&wv=1,https://record.assembly.go.kr/assembly/viewer/minutes/xml.do?id=56297&type=summary,https://record.assembly.go.kr/assembly/viewer/minutes/download/pdf.do?id=56297,1368975
22,2026-02-25,56297,상임위원회,과학기술정보방송통신위원회,제22대 제432회 제3차 과학기술정보방송통신위원회 (2026년 02월 25일),2,104,104. 별정우체국법 일부개정법률안(주호영 의원 대표발의)(의안번호 2211713),null,http://w3.assembly.go.kr/main/player.do?menu=1&mc=356&ct1=22&ct2=432&ct3=03&wv=1,https://record.assembly.go.kr/assembly/viewer/minutes/xml.do?id=56297&type=summary,https://record.assembly.go.kr/assembly/viewer/minutes/download/pdf.do?id=56297,1368975
22,2026-02-25,56297,상임위원회,과학기술정보방송통신위원회,제22대 제432회 제3차 과학기술정보방송통신위원회 (2026년 02월 25일),2,105,105. 별정우체국법 일부개정법률안(대안),null,http://w3.assembly.go.kr/main/player.do?menu=1&mc=356&ct1=22&ct2=432&ct3=03&wv=1,https://record.assembly.go.kr/assembly/viewer/minutes/xml.do?id=56297&type=summary,https://record.assembly.go.kr/assembly/viewer/minutes/download/pdf.do?id=56297,1368975
22,2026-02-25,56297,상임위원회,과학기술정보방송통신위원회,제22대 제432회 제3차 과학기술정보방송통신위원회 (2026년 02월 25일),2,106,106. 전기통신사업법 일부개정법률안(박정훈 의원 대표발의)(의안번호 2207260),null,http://w3.assembly.go.kr/main/player.do?menu=1&mc=356&ct1=22&ct2=432&ct3=03&wv=1,https://record.assembly.go.kr/assembly/viewer/minutes/xml.do?id=56297&type=summary,https://record.assembly.go.kr/assembly/viewer/minutes/download/pdf.do?id=56297,1368975
22,2026-02-25,56297,상임위원회,과학기술정보방송통신위원회,제22대 제432회 제3차 과학기술정보방송통신위원회 (2026년 02월 25일),2,107,107. 전기통신사업법 일부개정법률안(조은희 의원 대표발의)(의안번호 2212097),null,http://w3.assembly.go.kr/main/player.do?menu=1&mc=356&ct1=22&ct2=432&ct3=03&wv=1,https://record.assembly.go.kr/assembly/viewer/minutes/xml.do?id=56297&type=summary,https://record.assembly.go.kr/assembly/viewer/minutes/download/pdf.do?id=56297,1368975
22,2026-02-25,56297,상임위원회,과학기술정보방송통신위원회,제22대 제432회 제3차 과학기술정보방송통신위원회 (2026년 02월 25일),2,108,108. 전기통신사업법 일부개정법률안(한정애 의원 대표발의)(의안번호 2214369),null,http://w3.assembly.go.kr/main/player.do?menu=1&mc=356&ct1=22&ct2=432&ct3=03&wv=1,https://record.assembly.go.kr/assembly/viewer/minutes/xml.do?id=56297&type=summary,https://record.assembly.go.kr/assembly/viewer/minutes/download/pdf.do?id=56297,1368975
22,2026-02-25,56297,상임위원회,과학기술정보방송통신위원회,제22대 제432회 제3차 과학기술정보방송통신위원회 (2026년 02월 25일),2,109,109. 전기통신사업법 일부개정법률안(조인철 의원 대표발의)(의안번호 2214390),null,http://w3.assembly.go.kr/main/player.do?menu=1&mc=356&ct1=22&ct2=432&ct3=03&wv=1,https://record.assembly.go.kr/assembly/viewer/minutes/xml.do?id=56297&type=summary,https://record.assembly.go.kr/assembly/viewer/minutes/download/pdf.do?id=56297,1368975
22,2026-02-25,56297,상임위원회,과학기술정보방송통신위원회,제22대 제432회 제3차 과학기술정보방송통신위원회 (2026년 02월 25일),2,110,110. 전기통신사업법 일부개정법률안(이훈기 의원 대표발의)(의안번호 2208301),null,http://w3.assembly.go.kr/main/player.do?menu=1&mc=356&ct1=22&ct2=432&ct3=03&wv=1,https://record.assembly.go.kr/assembly/viewer/minutes/xml.do?id=56297&type=summary,https://record.assembly.go.kr/assembly/viewer/minutes/download/pdf.do?id=56297,1368975
22,2026-02-25,56297,상임위원회,과학기술정보방송통신위원회,제22대 제432회 제3차 과학기술정보방송통신위원회 (2026년 02월 25일),2,111,111. 전기통신사업법 일부개정법률안(대안),null,http://w3.assembly.go.kr/main/player.do?menu=1&mc=356&ct1=22&ct2=432&ct3=03&wv=1,https://record.assembly.go.kr/assembly/viewer/minutes/xml.do?id=56297&type=summary,https://record.assembly.go.kr/assembly/viewer/minutes/download/pdf.do?id=56297,1368975
22,2026-02-25,56297,상임위원회,과학기술정보방송통신위원회,제22대 제432회 제3차 과학기술정보방송통신위원회 (2026년 02월 25일),2,112,112. 전파법 일부개정법률안(임종득 의원 대표발의)(의안번호 2203413),null,http://w3.assembly.go.kr/main/player.do?menu=1&mc=356&ct1=22&ct2=432&ct3=03&wv=1,https://record.assembly.go.kr/assembly/viewer/minutes/xml.do?id=56297&type=summary,https://record.assembly.go.kr/assembly/viewer/minutes/download/pdf.do?id=56297,1368975
22,2026-02-25,56297,상임위원회,과학기술정보방송통신위원회,제22대 제432회 제3차 과학기술정보방송통신위원회 (2026년 02월 25일),2,113,113. 전파법 일부개정법률안(최형두 의원 대표발의)(의안번호 2205494),null,http://w3.assembly.go.kr/main/player.do?menu=1&mc=356&ct1=22&ct2=432&ct3=03&wv=1,https://record.assembly.go.kr/assembly/viewer/minutes/xml.do?id=56297&type=summary,https://record.assembly.go.kr/assembly/viewer/minutes/download/pdf.do?id=56297,1368975
22,2026-02-25,56297,상임위원회,과학기술정보방송통신위원회,제22대 제432회 제3차 과학기술정보방송통신위원회 (2026년 02월 25일),2,114,114. 전파법 일부개정법률안(대안),null,http://w3.assembly.go.kr/main/player.do?menu=1&mc=356&ct1=22&ct2=432&ct3=03&wv=1,https://record.assembly.go.kr/assembly/viewer/minutes/xml.do?id=56297&type=summary,https://record.assembly.go.kr/assembly/viewer/minutes/download/pdf.do?id=56297,1368975
22,2026-02-25,56297,상임위원회,과학기술정보방송통신위원회,제22대 제432회 제3차 과학기술정보방송통신위원회 (2026년 02월 25일),2,115,115. 정보통신 진흥 및 융합 활성화 등에 관한 특별법 일부개정법률안(최수진 의원 대표발의)(의안번호 2208212),null,http://w3.assembly.go.kr/main/player.do?menu=1&mc=356&ct1=22&ct2=432&ct3=03&wv=1,https://record.assembly.go.kr/assembly/viewer/minutes/xml.do?id=56297&type=summary,https://record.assembly.go.kr/assembly/viewer/minutes/download/pdf.do?id=56297,1368975
22,2026-02-25,56297,상임위원회,과학기술정보방송통신위원회,제22대 제432회 제3차 과학기술정보방송통신위원회 (2026년 02월 25일),2,116,116. 정보통신공사업법 일부개정법률안(최형두 의원 대표발의)(의안번호 2207299),null,http://w3.assembly.go.kr/main/player.do?menu=1&mc=356&ct1=22&ct2=432&ct3=03&wv=1,https://record.assembly.go.kr/assembly/viewer/minutes/xml.do?id=56297&type=summary,https://record.assembly.go.kr/assembly/viewer/minutes/download/pdf.do?id=56297,1368975
22,2026-02-25,56297,상임위원회,과학기술정보방송통신위원회,제22대 제432회 제3차 과학기술정보방송통신위원회 (2026년 02월 25일),2,117,117. 정보통신공사업법 일부개정법률안(이주희 의원 대표발의)(의안번호 2215164),null,http://w3.assembly.go.kr/main/player.do?menu=1&mc=356&ct1=22&ct2=432&ct3=03&wv=1,https://record.assembly.go.kr/assembly/viewer/minutes/xml.do?id=56297&type=summary,https://record.assembly.go.kr/assembly/viewer/minutes/download/pdf.do?id=56297,1368975
22,2026-02-25,56297,상임위원회,과학기술정보방송통신위원회,제22대 제432회 제3차 과학기술정보방송통신위원회 (2026년 02월 25일),2,118,118. 정보통신공사업법 일부개정법률안(최형두 의원 대표발의)(의안번호 2207277),null,http://w3.assembly.go.kr/main/player.do?menu=1&mc=356&ct1=22&ct2=432&ct3=03&wv=1,https://record.assembly.go.kr/assembly/viewer/minutes/xml.do?id=56297&type=summary,https://record.assembly.go.kr/assembly/viewer/minutes/download/pdf.do?id=56297,1368975
22,2026-02-25,56297,상임위원회,과학기술정보방송통신위원회,제22대 제432회 제3차 과학기술정보방송통신위원회 (2026년 02월 25일),2,119,119. 정보통신공사업법 일부개정법률안(이해민 의원 대표발의)(의안번호 2207594),null,http://w3.assembly.go.kr/main/player.do?menu=1&mc=356&ct1=22&ct2=432&ct3=03&wv=1,https://record.assembly.go.kr/assembly/viewer/minutes/xml.do?id=56297&type=summary,https://record.assembly.go.kr/assembly/viewer/minutes/download/pdf.do?id=56297,1368975
22,2026-02-25,56297,상임위원회,과학기술정보방송통신위원회,제22대 제432회 제3차 과학기술정보방송통신위원회 (2026년 02월 25일),2,120,120. 정보통신공사업법 일부개정법률안(박정훈 의원 대표발의)(의안번호 2212478),null,http://w3.assembly.go.kr/main/player.do?menu=1&mc=356&ct1=22&ct2=432&ct3=03&wv=1,https://record.assembly.go.kr/assembly/viewer/minutes/xml.do?id=56297&type=summary,https://record.assembly.go.kr/assembly/viewer/minutes/download/pdf.do?id=56297,1368975
22,2026-02-25,56297,상임위원회,과학기술정보방송통신위원회,제22대 제432회 제3차 과학기술정보방송통신위원회 (2026년 02월 25일),2,121,121. 정보통신공사업법 일부개정법률안(대안),null,http://w3.assembly.go.kr/main/player.do?menu=1&mc=356&ct1=22&ct2=432&ct3=03&wv=1,https://record.assembly.go.kr/assembly/viewer/minutes/xml.do?id=56297&type=summary,https://record.assembly.go.kr/assembly/viewer/minutes/download/pdf.do?id=56297,1368975
22,2026-02-25,56297,상임위원회,과학기술정보방송통신위원회,제22대 제432회 제3차 과학기술정보방송통신위원회 (2026년 02월 25일),2,122,122. 인터넷 멀티미디어 방송사업법 일부개정법률안(위원회안),null,http://w3.assembly.go.kr/main/player.do?menu=1&mc=356&ct1=22&ct2=432&ct3=03&wv=1,https://record.assembly.go.kr/assembly/viewer/minutes/xml.do?id=56297&type=summary,https://record.assembly.go.kr/assembly/viewer/minutes/download/pdf.do?id=56297,1368975
22,2026-02-24,56296,상임위원회,과학기술정보방송통신위원회 정보통신방송법안심사소위원회,제22대 제432회 제1차 과학기술정보방송통신위원회 정보통신방송법안심사소위원회 (2026년 02월 24일),2,1,1. 방송법 일부개정법률안(김현 의원 대표발의)(의안번호 2207480),null,null,https://record.assembly.go.kr/assembly/viewer/minutes/xml.do?id=56296&type=summary,https://record.assembly.go.kr/assembly/viewer/minutes/download/pdf.do?id=56296,1368779
22,2026-02-24,56296,상임위원회,과학기술정보방송통신위원회 정보통신방송법안심사소위원회,제22대 제432회 제1차 과학기술정보방송통신위원회 정보통신방송법안심사소위원회 (2026년 02월 24일),2,2,2. 방송법 일부개정법률안(이정문 의원 대표발의)(의안번호 2207899),null,null,https://record.assembly.go.kr/assembly/viewer/minutes/xml.do?id=56296&type=summary,https://record.assembly.go.kr/assembly/viewer/minutes/download/pdf.do?id=56296,1368779
22,2026-02-24,56296,상임위원회,과학기술정보방송통신위원회 정보통신방송법안심사소위원회,제22대 제432회 제1차 과학기술정보방송통신위원회 정보통신방송법안심사소위원회 (2026년 02월 24일),2,3,3. 별정우체국법 일부개정법률안(장종태 의원 대표발의)(의안번호 2210268),null,null,https://record.assembly.go.kr/assembly/viewer/minutes/xml.do?id=56296&type=summary,https://record.assembly.go.kr/assembly/viewer/minutes/download/pdf.do?id=56296,1368779
22,2026-02-24,56296,상임위원회,과학기술정보방송통신위원회 정보통신방송법안심사소위원회,제22대 제432회 제1차 과학기술정보방송통신위원회 정보통신방송법안심사소위원회 (2026년 02월 24일),2,4,4. 별정우체국법 일부개정법률안(주호영 의원 대표발의)(의안번호 2211713),null,null,https://record.assembly.go.kr/assembly/viewer/minutes/xml.do?id=56296&type=summary,https://record.assembly.go.kr/assembly/viewer/minutes/download/pdf.do?id=56296,1368779
22,2026-02-24,56296,상임위원회,과학기술정보방송통신위원회 정보통신방송법안심사소위원회,제22대 제432회 제1차 과학기술정보방송통신위원회 정보통신방송법안심사소위원회 (2026년 02월 24일),2,5,5. 전기통신사업법 일부개정법률안(박정훈 의원 대표발의)(의안번호 2207260),null,null,https://record.assembly.go.kr/assembly/viewer/minutes/xml.do?id=56296&type=summary,https://record.assembly.go.kr/assembly/viewer/minutes/download/pdf.do?id=56296,1368779
22,2026-02-24,56296,상임위원회,과학기술정보방송통신위원회 정보통신방송법안심사소위원회,제22대 제432회 제1차 과학기술정보방송통신위원회 정보통신방송법안심사소위원회 (2026년 02월 24일),2,6,6. 전기통신사업법 일부개정법률안(조은희 의원 대표발의)(의안번호 2212097),null,null,https://record.assembly.go.kr/assembly/viewer/minutes/xml.do?id=56296&type=summary,https://record.assembly.go.kr/assembly/viewer/minutes/download/pdf.do?id=56296,1368779
22,2026-02-24,56296,상임위원회,과학기술정보방송통신위원회 정보통신방송법안심사소위원회,제22대 제432회 제1차 과학기술정보방송통신위원회 정보통신방송법안심사소위원회 (2026년 02월 24일),2,7,7. 전기통신사업법 일부개정법률안(한정애 의원 대표발의)(의안번호 2214369),null,null,https://record.assembly.go.kr/assembly/viewer/minutes/xml.do?id=56296&type=summary,https://record.assembly.go.kr/assembly/viewer/minutes/download/pdf.do?id=56296,1368779
22,2026-02-24,56296,상임위원회,과학기술정보방송통신위원회 정보통신방송법안심사소위원회,제22대 제432회 제1차 과학기술정보방송통신위원회 정보통신방송법안심사소위원회 (2026년 02월 24일),2,8,8. 전기통신사업법 일부개정법률안(조인철 의원 대표발의)(의안번호 2214390),null,null,https://record.assembly.go.kr/assembly/viewer/minutes/xml.do?id=56296&type=summary,https://record.assembly.go.kr/assembly/viewer/minutes/download/pdf.do?id=56296,1368779
22,2026-02-24,56296,상임위원회,과학기술정보방송통신위원회 정보통신방송법안심사소위원회,제22대 제432회 제1차 과학기술정보방송통신위원회 정보통신방송법안심사소위원회 (2026년 02월 24일),2,9,9. 전기통신사업법 일부개정법률안(이훈기 의원 대표발의)(의안번호 2208301),null,null,https://record.assembly.go.kr/assembly/viewer/minutes/xml.do?id=56296&type=summary,https://record.assembly.go.kr/assembly/viewer/minutes/download/pdf.do?id=56296,1368779
22,2026-02-24,56296,상임위원회,과학기술정보방송통신위원회 정보통신방송법안심사소위원회,제22대 제432회 제1차 과학기술정보방송통신위원회 정보통신방송법안심사소위원회 (2026년 02월 24일),2,10,10. 전파법 일부개정법률안(임종득 의원 대표발의)(의안번호 2203413),null,null,https://record.assembly.go.kr/assembly/viewer/minutes/xml.do?id=56296&type=summary,https://record.assembly.go.kr/assembly/viewer/minutes/download/pdf.do?id=56296,1368779
22,2026-02-24,56296,상임위원회,과학기술정보방송통신위원회 정보통신방송법안심사소위원회,제22대 제432회 제1차 과학기술정보방송통신위원회 정보통신방송법안심사소위원회 (2026년 02월 24일),2,11,11. 전파법 일부개정법률안(최형두 의원 대표발의)(의안번호 2205494),null,null,https://record.assembly.go.kr/assembly/viewer/minutes/xml.do?id=56296&type=summary,https://record.assembly.go.kr/assembly/viewer/minutes/download/pdf.do?id=56296,1368779
22,2026-02-24,56296,상임위원회,과학기술정보방송통신위원회 정보통신방송법안심사소위원회,제22대 제432회 제1차 과학기술정보방송통신위원회 정보통신방송법안심사소위원회 (2026년 02월 24일),2,12,12. 정보통신 진흥 및 융합 활성화 등에 관한 특별법 일부개정법률안(최수진 의원 대표발의)(의안번호 2208212),null,null,https://record.assembly.go.kr/assembly/viewer/minutes/xml.do?id=56296&type=summary,https://record.assembly.go.kr/assembly/viewer/minutes/download/pdf.do?id=56296,1368779
22,2026-02-24,56296,상임위원회,과학기술정보방송통신위원회 정보통신방송법안심사소위원회,제22대 제432회 제1차 과학기술정보방송통신위원회 정보통신방송법안심사소위원회 (2026년 02월 24일),2,13,13. 정보통신공사업법 일부개정법률안(최형두 의원 대표발의)(의안번호 2207299),null,null,https://record.assembly.go.kr/assembly/viewer/minutes/xml.do?id=56296&type=summary,https://record.assembly.go.kr/assembly/viewer/minutes/download/pdf.do?id=56296,1368779
22,2026-02-24,56296,상임위원회,과학기술정보방송통신위원회 정보통신방송법안심사소위원회,제22대 제432회 제1차 과학기술정보방송통신위원회 정보통신방송법안심사소위원회 (2026년 02월 24일),2,14,14. 정보통신공사업법 일부개정법률안(이주희 의원 대표발의)(의안번호 2215164),null,null,https://record.assembly.go.kr/assembly/viewer/minutes/xml.do?id=56296&type=summary,https://record.assembly.go.kr/assembly/viewer/minutes/download/pdf.do?id=56296,1368779
22,2026-02-24,56296,상임위원회,과학기술정보방송통신위원회 정보통신방송법안심사소위원회,제22대 제432회 제1차 과학기술정보방송통신위원회 정보통신방송법안심사소위원회 (2026년 02월 24일),2,15,15. 정보통신공사업법 일부개정법률안(최형두 의원 대표발의)(의안번호 2207277),null,null,https://record.assembly.go.kr/assembly/viewer/minutes/xml.do?id=56296&type=summary,https://record.assembly.go.kr/assembly/viewer/minutes/download/pdf.do?id=56296,1368779
22,2026-02-24,56296,상임위원회,과학기술정보방송통신위원회 정보통신방송법안심사소위원회,제22대 제432회 제1차 과학기술정보방송통신위원회 정보통신방송법안심사소위원회 (2026년 02월 24일),2,16,16. 정보통신공사업법 일부개정법률안(이해민 의원 대표발의)(의안번호 2207594),null,null,https://record.assembly.go.kr/assembly/viewer/minutes/xml.do?id=56296&type=summary,https://record.assembly.go.kr/assembly/viewer/minutes/download/pdf.do?id=56296,1368779
22,2026-02-24,56296,상임위원회,과학기술정보방송통신위원회 정보통신방송법안심사소위원회,제22대 제432회 제1차 과학기술정보방송통신위원회 정보통신방송법안심사소위원회 (2026년 02월 24일),2,17,17. 정보통신공사업법 일부개정법률안(박정훈 의원 대표발의)(의안번호 2212478),null,null,https://record.assembly.go.kr/assembly/viewer/minutes/xml.do?id=56296&type=summary,https://record.assembly.go.kr/assembly/viewer/minutes/download/pdf.do?id=56296,1368779
22,2026-02-24,56296,상임위원회,과학기술정보방송통신위원회 정보통신방송법안심사소위원회,제22대 제432회 제1차 과학기술정보방송통신위원회 정보통신방송법안심사소위원회 (2026년 02월 24일),2,18,18. 정보통신망 이용촉진 및 정보보호 등에 관한 법률 일부개정법률안(김민전 의원 대표발의)(의안번호 2204932),null,null,https://record.assembly.go.kr/assembly/viewer/minutes/xml.do?id=56296&type=summary,https://record.assembly.go.kr/assembly/viewer/minutes/download/pdf.do?id=56296,1368779
22,2026-02-24,56296,상임위원회,과학기술정보방송통신위원회 정보통신방송법안심사소위원회,제22대 제432회 제1차 과학기술정보방송통신위원회 정보통신방송법안심사소위원회 (2026년 02월 24일),2,19,19. 정보통신망 이용촉진 및 정보보호 등에 관한 법률 일부개정법률안(전용기 의원 대표발의)(의안번호 2205512),null,null,https://record.assembly.go.kr/assembly/viewer/minutes/xml.do?id=56296&type=summary,https://record.assembly.go.kr/assembly/viewer/minutes/download/pdf.do?id=56296,1368779
22,2026-02-24,56296,상임위원회,과학기술정보방송통신위원회 정보통신방송법안심사소위원회,제22대 제432회 제1차 과학기술정보방송통신위원회 정보통신방송법안심사소위원회 (2026년 02월 24일),2,20,20. 정보통신망 이용촉진 및 정보보호 등에 관한 법률 일부개정법률안(김상훈 의원 대표발의)(의안번호 2210304),null,null,https://record.assembly.go.kr/assembly/viewer/minutes/xml.do?id=56296&type=summary,https://record.assembly.go.kr/assembly/viewer/minutes/download/pdf.do?id=56296,1368779
22,2026-02-24,56296,상임위원회,과학기술정보방송통신위원회 정보통신방송법안심사소위원회,제22대 제432회 제1차 과학기술정보방송통신위원회 정보통신방송법안심사소위원회 (2026년 02월 24일),2,21,21. 정보통신망 이용촉진 및 정보보호 등에 관한 법률 일부개정법률안(박정훈 의원 대표발의)(의안번호 2213740),null,null,https://record.assembly.go.kr/assembly/viewer/minutes/xml.do?id=56296&type=summary,https://record.assembly.go.kr/assembly/viewer/minutes/download/pdf.do?id=56296,1368779
22,2026-02-24,56296,상임위원회,과학기술정보방송통신위원회 정보통신방송법안심사소위원회,제22대 제432회 제1차 과학기술정보방송통신위원회 정보통신방송법안심사소위원회 (2026년 02월 24일),2,22,22. 정보통신망 이용촉진 및 정보보호 등에 관한 법률 일부개정법률안(조인철 의원 대표발의)(의안번호 2216186),null,null,https://record.assembly.go.kr/assembly/viewer/minutes/xml.do?id=56296&type=summary,https://record.assembly.go.kr/assembly/viewer/minutes/download/pdf.do?id=56296,1368779
22,2026-02-24,56296,상임위원회,과학기술정보방송통신위원회 정보통신방송법안심사소위원회,제22대 제432회 제1차 과학기술정보방송통신위원회 정보통신방송법안심사소위원회 (2026년 02월 24일),2,23,23. 정보통신망 이용촉진 및 정보보호 등에 관한 법률 일부개정법률안(서영석 의원 대표발의)(의안번호 2216369),null,null,https://record.assembly.go.kr/assembly/viewer/minutes/xml.do?id=56296&type=summary,https://record.assembly.go.kr/assembly/viewer/minutes/download/pdf.do?id=56296,1368779
22,2026-02-24,56296,상임위원회,과학기술정보방송통신위원회 정보통신방송법안심사소위원회,제22대 제432회 제1차 과학기술정보방송통신위원회 정보통신방송법안심사소위원회 (2026년 02월 24일),2,24,24. 정보통신망 이용촉진 및 정보보호 등에 관한 법률 일부개정법률안(이주희 의원 대표발의)(의안번호 2216849),null,null,https://record.assembly.go.kr/assembly/viewer/minutes/xml.do?id=56296&type=summary,https://record.assembly.go.kr/assembly/viewer/minutes/download/pdf.do?id=56296,1368779
22,2026-02-24,56296,상임위원회,과학기술정보방송통신위원회 정보통신방송법안심사소위원회,제22대 제432회 제1차 과학기술정보방송통신위원회 정보통신방송법안심사소위원회 (2026년 02월 24일),2,25,25. 소프트웨어 진흥법 일부개정법률안(박정훈 의원 대표발의)(의안번호 2212477),null,null,https://record.assembly.go.kr/assembly/viewer/minutes/xml.do?id=56296&type=summary,https://record.assembly.go.kr/assembly/viewer/minutes/download/pdf.do?id=56296,1368779
22,2026-02-24,56296,상임위원회,과학기술정보방송통신위원회 정보통신방송법안심사소위원회,제22대 제432회 제1차 과학기술정보방송통신위원회 정보통신방송법안심사소위원회 (2026년 02월 24일),2,26,26. 전기통신사업법 일부개정법률안(최형두 의원 대표발의)(의안번호 2207441),null,null,https://record.assembly.go.kr/assembly/viewer/minutes/xml.do?id=56296&type=summary,https://record.assembly.go.kr/assembly/viewer/minutes/download/pdf.do?id=56296,1368779
22,2026-02-24,56296,상임위원회,과학기술정보방송통신위원회 정보통신방송법안심사소위원회,제22대 제432회 제1차 과학기술정보방송통신위원회 정보통신방송법안심사소위원회 (2026년 02월 24일),2,27,27. 전기통신사업법 일부개정법률안(박충권 의원 대표발의)(의안번호 2201305),null,null,https://record.assembly.go.kr/assembly/viewer/minutes/xml.do?id=56296&type=summary,https://record.assembly.go.kr/assembly/viewer/minutes/download/pdf.do?id=56296,1368779
22,2026-02-24,56296,상임위원회,과학기술정보방송통신위원회 정보통신방송법안심사소위원회,제22대 제432회 제1차 과학기술정보방송통신위원회 정보통신방송법안심사소위원회 (2026년 02월 24일),2,28,28. 전기통신사업법 일부개정법률안(박충권 의원 대표발의)(의안번호 2201389),null,null,https://record.assembly.go.kr/assembly/viewer/minutes/xml.do?id=56296&type=summary,https://record.assembly.go.kr/assembly/viewer/minutes/download/pdf.do?id=56296,1368779
22,2026-02-24,56296,상임위원회,과학기술정보방송통신위원회 정보통신방송법안심사소위원회,제22대 제432회 제1차 과학기술정보방송통신위원회 정보통신방송법안심사소위원회 (2026년 02월 24일),2,29,29. 전기통신사업법 일부개정법률안(이정헌 의원 대표발의)(의안번호 2202843),null,null,https://record.assembly.go.kr/assembly/viewer/minutes/xml.do?id=56296&type=summary,https://record.assembly.go.kr/assembly/viewer/minutes/download/pdf.do?id=56296,1368779
22,2026-02-24,56296,상임위원회,과학기술정보방송통신위원회 정보통신방송법안심사소위원회,제22대 제432회 제1차 과학기술정보방송통신위원회 정보통신방송법안심사소위원회 (2026년 02월 24일),2,30,30. 전기통신사업법 일부개정법률안(김현정 의원 대표발의)(의안번호 2203022),null,null,https://record.assembly.go.kr/assembly/viewer/minutes/xml.do?id=56296&type=summary,https://record.assembly.go.kr/assembly/viewer/minutes/download/pdf.do?id=56296,1368779
22,2026-02-24,56296,상임위원회,과학기술정보방송통신위원회 정보통신방송법안심사소위원회,제22대 제432회 제1차 과학기술정보방송통신위원회 정보통신방송법안심사소위원회 (2026년 02월 24일),2,31,31. 전기통신사업법 일부개정법률안(박정훈 의원 대표발의)(의안번호 2208918),null,null,https://record.assembly.go.kr/assembly/viewer/minutes/xml.do?id=56296&type=summary,https://record.assembly.go.kr/assembly/viewer/minutes/download/pdf.do?id=56296,1368779
22,2026-02-24,56296,상임위원회,과학기술정보방송통신위원회 정보통신방송법안심사소위원회,제22대 제432회 제1차 과학기술정보방송통신위원회 정보통신방송법안심사소위원회 (2026년 02월 24일),2,32,32. 전기통신사업법 일부개정법률안(한민수 의원 대표발의)(의안번호 2209151),null,null,https://record.assembly.go.kr/assembly/viewer/minutes/xml.do?id=56296&type=summary,https://record.assembly.go.kr/assembly/viewer/minutes/download/pdf.do?id=56296,1368779
22,2026-02-24,56296,상임위원회,과학기술정보방송통신위원회 정보통신방송법안심사소위원회,제22대 제432회 제1차 과학기술정보방송통신위원회 정보통신방송법안심사소위원회 (2026년 02월 24일),2,33,33. 전기통신사업법 일부개정법률안(최수진 의원 대표발의)(의안번호 2210504),null,null,https://record.assembly.go.kr/assembly/viewer/minutes/xml.do?id=56296&type=summary,https://record.assembly.go.kr/assembly/viewer/minutes/download/pdf.do?id=56296,1368779
22,2026-02-24,56296,상임위원회,과학기술정보방송통신위원회 정보통신방송법안심사소위원회,제22대 제432회 제1차 과학기술정보방송통신위원회 정보통신방송법안심사소위원회 (2026년 02월 24일),2,34,34. 전기통신사업법 일부개정법률안(최민희 의원 대표발의)(의안번호 2210597),null,null,https://record.assembly.go.kr/assembly/viewer/minutes/xml.do?id=56296&type=summary,https://record.assembly.go.kr/assembly/viewer/minutes/download/pdf.do?id=56296,1368779
22,2026-02-24,56296,상임위원회,과학기술정보방송통신위원회 정보통신방송법안심사소위원회,제22대 제432회 제1차 과학기술정보방송통신위원회 정보통신방송법안심사소위원회 (2026년 02월 24일),2,35,35. 정보통신망 이용촉진 및 정보보호 등에 관한 법률 일부개정법률안(김장겸 의원 대표발의)(의안번호 2205754),null,null,https://record.assembly.go.kr/assembly/viewer/minutes/xml.do?id=56296&type=summary,https://record.assembly.go.kr/assembly/viewer/minutes/download/pdf.do?id=56296,1368779
22,2026-02-24,56296,상임위원회,과학기술정보방송통신위원회 정보통신방송법안심사소위원회,제22대 제432회 제1차 과학기술정보방송통신위원회 정보통신방송법안심사소위원회 (2026년 02월 24일),2,36,36. 정보통신망 이용촉진 및 정보보호 등에 관한 법률 일부개정법률안(조인철 의원 대표발의)(의안번호 2209795),null,null,https://record.assembly.go.kr/assembly/viewer/minutes/xml.do?id=56296&type=summary,https://record.assembly.go.kr/assembly/viewer/minutes/download/pdf.do?id=56296,1368779
22,2026-02-24,56296,상임위원회,과학기술정보방송통신위원회 정보통신방송법안심사소위원회,제22대 제432회 제1차 과학기술정보방송통신위원회 정보통신방송법안심사소위원회 (2026년 02월 24일),2,37,37. 정보통신망 이용촉진 및 정보보호 등에 관한 법률 일부개정법률안(김장겸 의원 대표발의)(의안번호 2211087),null,null,https://record.assembly.go.kr/assembly/viewer/minutes/xml.do?id=56296&type=summary,https://record.assembly.go.kr/assembly/viewer/minutes/download/pdf.do?id=56296,1368779
22,2026-02-24,56296,상임위원회,과학기술정보방송통신위원회 정보통신방송법안심사소위원회,제22대 제432회 제1차 과학기술정보방송통신위원회 정보통신방송법안심사소위원회 (2026년 02월 24일),2,38,38. 정보통신망 이용촉진 및 정보보호 등에 관한 법률 일부개정법률안(윤건영 의원 대표발의)(의안번호 2201798),null,null,https://record.assembly.go.kr/assembly/viewer/minutes/xml.do?id=56296&type=summary,https://record.assembly.go.kr/assembly/viewer/minutes/download/pdf.do?id=56296,1368779
22,2026-02-24,56296,상임위원회,과학기술정보방송통신위원회 정보통신방송법안심사소위원회,제22대 제432회 제1차 과학기술정보방송통신위원회 정보통신방송법안심사소위원회 (2026년 02월 24일),2,39,39. 정보통신망 이용촉진 및 정보보호 등에 관한 법률 일부개정법률안(김장겸 의원 대표발의)(의안번호 2201816),null,null,https://record.assembly.go.kr/assembly/viewer/minutes/xml.do?id=56296&type=summary,https://record.assembly.go.kr/assembly/viewer/minutes/download/pdf.do?id=56296,1368779
22,2026-02-24,56296,상임위원회,과학기술정보방송통신위원회 정보통신방송법안심사소위원회,제22대 제432회 제1차 과학기술정보방송통신위원회 정보통신방송법안심사소위원회 (2026년 02월 24일),2,40,40. 정보통신망 이용촉진 및 정보보호 등에 관한 법률 일부개정법률안(안철수 의원 대표발의)(의안번호 2202630),null,null,https://record.assembly.go.kr/assembly/viewer/minutes/xml.do?id=56296&type=summary,https://record.assembly.go.kr/assembly/viewer/minutes/download/pdf.do?id=56296,1368779
22,2026-02-24,56296,상임위원회,과학기술정보방송통신위원회 정보통신방송법안심사소위원회,제22대 제432회 제1차 과학기술정보방송통신위원회 정보통신방송법안심사소위원회 (2026년 02월 24일),2,41,41. 정보통신망 이용촉진 및 정보보호 등에 관한 법률 일부개정법률안(조정훈 의원 대표발의)(의안번호 2202761),null,null,https://record.assembly.go.kr/assembly/viewer/minutes/xml.do?id=56296&type=summary,https://record.assembly.go.kr/assembly/viewer/minutes/download/pdf.do?id=56296,1368779
22,2026-02-24,56296,상임위원회,과학기술정보방송통신위원회 정보통신방송법안심사소위원회,제22대 제432회 제1차 과학기술정보방송통신위원회 정보통신방송법안심사소위원회 (2026년 02월 24일),2,42,42. 정보통신망 이용촉진 및 정보보호 등에 관한 법률 일부개정법률안(김태선 의원 대표발의)(의안번호 2203983),null,null,https://record.assembly.go.kr/assembly/viewer/minutes/xml.do?id=56296&type=summary,https://record.assembly.go.kr/assembly/viewer/minutes/download/pdf.do?id=56296,1368779
22,2026-02-24,56296,상임위원회,과학기술정보방송통신위원회 정보통신방송법안심사소위원회,제22대 제432회 제1차 과학기술정보방송통신위원회 정보통신방송법안심사소위원회 (2026년 02월 24일),2,43,43. 정보통신망 이용촉진 및 정보보호 등에 관한 법률 일부개정법률안(박정훈 의원 대표발의)(의안번호 2207938),null,null,https://record.assembly.go.kr/assembly/viewer/minutes/xml.do?id=56296&type=summary,https://record.assembly.go.kr/assembly/viewer/minutes/download/pdf.do?id=56296,1368779
22,2026-02-24,56296,상임위원회,과학기술정보방송통신위원회 정보통신방송법안심사소위원회,제22대 제432회 제1차 과학기술정보방송통신위원회 정보통신방송법안심사소위원회 (2026년 02월 24일),2,44,44. 디지털크리에이터 육성 및 지원에 관한 법률안(이해민 의원 대표발의)(의안번호 2202987),null,null,https://record.assembly.go.kr/assembly/viewer/minutes/xml.do?id=56296&type=summary,https://record.assembly.go.kr/assembly/viewer/minutes/download/pdf.do?id=56296,1368779
22,2026-02-24,56296,상임위원회,과학기술정보방송통신위원회 정보통신방송법안심사소위원회,제22대 제432회 제1차 과학기술정보방송통신위원회 정보통신방송법안심사소위원회 (2026년 02월 24일),2,45,45. 디지털크리에이터(1인 미디어 창작자)산업 진흥법안(최형두 의원 대표발의)(의안번호 2209306),null,null,https://record.assembly.go.kr/assembly/viewer/minutes/xml.do?id=56296&type=summary,https://record.assembly.go.kr/assembly/viewer/minutes/download/pdf.do?id=56296,1368779
22,2026-02-24,56296,상임위원회,과학기술정보방송통신위원회 정보통신방송법안심사소위원회,제22대 제432회 제1차 과학기술정보방송통신위원회 정보통신방송법안심사소위원회 (2026년 02월 24일),2,46,46. 디지털크리에이터 권리보호 및 육성에 관한 법률안(정동영 의원 대표발의)(의안번호 2211174),null,null,https://record.assembly.go.kr/assembly/viewer/minutes/xml.do?id=56296&type=summary,https://record.assembly.go.kr/assembly/viewer/minutes/download/pdf.do?id=56296,1368779
22,2026-02-24,56296,상임위원회,과학기술정보방송통신위원회 정보통신방송법안심사소위원회,제22대 제432회 제1차 과학기술정보방송통신위원회 정보통신방송법안심사소위원회 (2026년 02월 24일),2,47,47. 디지털 재난·장애의 안전관리에 관한 법률안(최형두 의원 대표발의)(의안번호 2207155),null,null,https://record.assembly.go.kr/assembly/viewer/minutes/xml.do?id=56296&type=summary,https://record.assembly.go.kr/assembly/viewer/minutes/download/pdf.do?id=56296,1368779
22,2026-02-24,56296,상임위원회,과학기술정보방송통신위원회 정보통신방송법안심사소위원회,제22대 제432회 제1차 과학기술정보방송통신위원회 정보통신방송법안심사소위원회 (2026년 02월 24일),2,48,48. 이동통신보안법안(김장겸 의원 대표발의)(의안번호 2213313),null,null,https://record.assembly.go.kr/assembly/viewer/minutes/xml.do?id=56296&type=summary,https://record.assembly.go.kr/assembly/viewer/minutes/download/pdf.do?id=56296,1368779
22,2026-02-24,56296,상임위원회,과학기술정보방송통신위원회 정보통신방송법안심사소위원회,제22대 제432회 제1차 과학기술정보방송통신위원회 정보통신방송법안심사소위원회 (2026년 02월 24일),2,49,49. 인공지능데이터센터 진흥 및 기반 조성에 관한 법률안(정동영 의원 대표발의)(의안번호 2210511),null,null,https://record.assembly.go.kr/assembly/viewer/minutes/xml.do?id=56296&type=summary,https://record.assembly.go.kr/assembly/viewer/minutes/download/pdf.do?id=56296,1368779
22,2026-02-24,56296,상임위원회,과학기술정보방송통신위원회 정보통신방송법안심사소위원회,제22대 제432회 제1차 과학기술정보방송통신위원회 정보통신방송법안심사소위원회 (2026년 02월 24일),2,50,50. 인공지능 데이터센터 진흥에 관한 특별법안(한민수 의원 대표발의)(의안번호 2213034),null,null,https://record.assembly.go.kr/assembly/viewer/minutes/xml.do?id=56296&type=summary,https://record.assembly.go.kr/assembly/viewer/minutes/download/pdf.do?id=56296,1368779
22,2026-02-24,56296,상임위원회,과학기술정보방송통신위원회 정보통신방송법안심사소위원회,제22대 제432회 제1차 과학기술정보방송통신위원회 정보통신방송법안심사소위원회 (2026년 02월 24일),2,51,51. 인공지능데이터센터 기반 구축 및 산업 육성에 관한 법률안(황정아 의원 대표발의)(의안번호 2213320),null,null,https://record.assembly.go.kr/assembly/viewer/minutes/xml.do?id=56296&type=summary,https://record.assembly.go.kr/assembly/viewer/minutes/download/pdf.do?id=56296,1368779
22,2026-02-24,56296,상임위원회,과학기술정보방송통신위원회 정보통신방송법안심사소위원회,제22대 제432회 제1차 과학기술정보방송통신위원회 정보통신방송법안심사소위원회 (2026년 02월 24일),2,52,52. 인공지능 데이터센터 진흥 및 기반 조성에 관한 법률안(조인철 의원 대표발의)(의안번호 2215182),null,null,https://record.assembly.go.kr/assembly/viewer/minutes/xml.do?id=56296&type=summary,https://record.assembly.go.kr/assembly/viewer/minutes/download/pdf.do?id=56296,1368779
22,2026-02-24,56296,상임위원회,과학기술정보방송통신위원회 정보통신방송법안심사소위원회,제22대 제432회 제1차 과학기술정보방송통신위원회 정보통신방송법안심사소위원회 (2026년 02월 24일),2,53,53. 인공지능 데이터센터 진흥에 대한 특별법안(이해민 의원 대표발의)(의안번호 2215928),null,null,https://record.assembly.go.kr/assembly/viewer/minutes/xml.do?id=56296&type=summary,https://record.assembly.go.kr/assembly/viewer/minutes/download/pdf.do?id=56296,1368779
22,2026-02-24,56296,상임위원회,과학기술정보방송통신위원회 정보통신방송법안심사소위원회,제22대 제432회 제1차 과학기술정보방송통신위원회 정보통신방송법안심사소위원회 (2026년 02월 24일),2,54,54. 인공지능 데이터센터 진흥 및 기반 조성에 관한 법률안(김장겸 의원 대표발의)(의안번호 2216551),null,null,https://record.assembly.go.kr/assembly/viewer/minutes/xml.do?id=56296&type=summary,https://record.assembly.go.kr/assembly/viewer/minutes/download/pdf.do?id=56296,1368779
22,2026-02-12,56236,상임위원회,과학기술정보방송통신위원회 과학기술원자력법안심사소위원회,제22대 제432회 제1차 과학기술정보방송통신위원회 과학기술원자력법안심사소위원회 (2026년 02월 12일),2,1,1. 과학기술기본법 일부개정법률안(조승래 의원 대표발의)(의안번호 2206782),null,null,https://record.assembly.go.kr/assembly/viewer/minutes/xml.do?id=56236&type=summary,https://record.assembly.go.kr/assembly/viewer/minutes/download/pdf.do?id=56236,1368422
22,2026-02-12,56236,상임위원회,과학기술정보방송통신위원회 과학기술원자력법안심사소위원회,제22대 제432회 제1차 과학기술정보방송통신위원회 과학기술원자력법안심사소위원회 (2026년 02월 12일),2,2,2. 과학기술기본법 일부개정법률안(황정아 의원 대표발의)(의안번호 2211220),null,null,https://record.assembly.go.kr/assembly/viewer/minutes/xml.do?id=56236&type=summary,https://record.assembly.go.kr/assembly/viewer/minutes/download/pdf.do?id=56236,1368422
22,2026-02-12,56236,상임위원회,과학기술정보방송통신위원회 과학기술원자력법안심사소위원회,제22대 제432회 제1차 과학기술정보방송통신위원회 과학기술원자력법안심사소위원회 (2026년 02월 12일),2,3,3. 과학기술기본법 일부개정법률안(황정아 의원 대표발의)(의안번호 2208992),null,null,https://record.assembly.go.kr/assembly/viewer/minutes/xml.do?id=56236&type=summary,https://record.assembly.go.kr/assembly/viewer/minutes/download/pdf.do?id=56236,1368422
22,2026-02-12,56236,상임위원회,과학기술정보방송통신위원회 과학기술원자력법안심사소위원회,제22대 제432회 제1차 과학기술정보방송통신위원회 과학기술원자력법안심사소위원회 (2026년 02월 12일),2,4,4. 과학기술기본법 일부개정법률안(조인철 의원 대표발의)(의안번호 2209297),null,null,https://record.assembly.go.kr/assembly/viewer/minutes/xml.do?id=56236&type=summary,https://record.assembly.go.kr/assembly/viewer/minutes/download/pdf.do?id=56236,1368422
22,2026-02-12,56236,상임위원회,과학기술정보방송통신위원회 과학기술원자력법안심사소위원회,제22대 제432회 제1차 과학기술정보방송통신위원회 과학기술원자력법안심사소위원회 (2026년 02월 12일),2,5,5. 국가전략기술 육성에 관한 특별법 일부개정법률안(이해민 의원 대표발의)(의안번호 2208888),null,null,https://record.assembly.go.kr/assembly/viewer/minutes/xml.do?id=56236&type=summary,https://record.assembly.go.kr/assembly/viewer/minutes/download/pdf.do?id=56236,1368422
22,2026-02-12,56236,상임위원회,과학기술정보방송통신위원회 과학기술원자력법안심사소위원회,제22대 제432회 제1차 과학기술정보방송통신위원회 과학기술원자력법안심사소위원회 (2026년 02월 12일),2,6,6. 연구실 안전환경 조성에 관한 법률 일부개정법률안(김위상 의원 대표발의)(의안번호 2206517),null,null,https://record.assembly.go.kr/assembly/viewer/minutes/xml.do?id=56236&type=summary,https://record.assembly.go.kr/assembly/viewer/minutes/download/pdf.do?id=56236,1368422
22,2026-02-12,56236,상임위원회,과학기술정보방송통신위원회 과학기술원자력법안심사소위원회,제22대 제432회 제1차 과학기술정보방송통신위원회 과학기술원자력법안심사소위원회 (2026년 02월 12일),2,7,7. 경남부산과학기술원법안(허성무 의원 대표발의)(의안번호 2207901),null,null,https://record.assembly.go.kr/assembly/viewer/minutes/xml.do?id=56236&type=summary,https://record.assembly.go.kr/assembly/viewer/minutes/download/pdf.do?id=56236,1368422
22,2026-02-12,56236,상임위원회,과학기술정보방송통신위원회 과학기술원자력법안심사소위원회,제22대 제432회 제1차 과학기술정보방송통신위원회 과학기술원자력법안심사소위원회 (2026년 02월 12일),2,8,8. 여성과학기술인 육성 및 지원에 관한 법률 일부개정법률안(박충권 의원 대표발의)(의안번호 2208967),null,null,https://record.assembly.go.kr/assembly/viewer/minutes/xml.do?id=56236&type=summary,https://record.assembly.go.kr/assembly/viewer/minutes/download/pdf.do?id=56236,1368422
22,2026-02-12,56236,상임위원회,과학기술정보방송통신위원회 과학기술원자력법안심사소위원회,제22대 제432회 제1차 과학기술정보방송통신위원회 과학기술원자력법안심사소위원회 (2026년 02월 12일),2,9,9. 과학기술분야 정부출연연구기관 등의 설립·운영 및 육성에 관한 법률 일부개정법률안(신성범 의원 대표발의)(의안번호 2205651),null,null,https://record.assembly.go.kr/assembly/viewer/minutes/xml.do?id=56236&type=summary,https://record.assembly.go.kr/assembly/viewer/minutes/download/pdf.do?id=56236,1368422
22,2026-02-12,56236,상임위원회,과학기술정보방송통신위원회 과학기술원자력법안심사소위원회,제22대 제432회 제1차 과학기술정보방송통신위원회 과학기술원자력법안심사소위원회 (2026년 02월 12일),2,10,10. 과학기술분야 정부출연연구기관 등의 설립·운영 및 육성에 관한 법률 일부개정법률안(황정아 의원 대표발의)(의안번호 2208120),null,null,https://record.assembly.go.kr/assembly/viewer/minutes/xml.do?id=56236&type=summary,https://record.assembly.go.kr/assembly/viewer/minutes/download/pdf.do?id=56236,1368422
22,2026-02-12,56236,상임위원회,과학기술정보방송통신위원회 과학기술원자력법안심사소위원회,제22대 제432회 제1차 과학기술정보방송통신위원회 과학기술원자력법안심사소위원회 (2026년 02월 12일),2,11,11. 우주개발 진흥법 일부개정법률안(정부 제출)(의안번호 2210027),null,null,https://record.assembly.go.kr/assembly/viewer/minutes/xml.do?id=56236&type=summary,https://record.assembly.go.kr/assembly/viewer/minutes/download/pdf.do?id=56236,1368422
22,2026-02-12,56236,상임위원회,과학기술정보방송통신위원회 과학기술원자력법안심사소위원회,제22대 제432회 제1차 과학기술정보방송통신위원회 과학기술원자력법안심사소위원회 (2026년 02월 12일),2,12,12. 우주개발 진흥법 일부개정법률안(황희 의원 대표발의)(의안번호 2210341),null,null,https://record.assembly.go.kr/assembly/viewer/minutes/xml.do?id=56236&type=summary,https://record.assembly.go.kr/assembly/viewer/minutes/download/pdf.do?id=56236,1368422
22,2026-02-12,56236,상임위원회,과학기술정보방송통신위원회 과학기술원자력법안심사소위원회,제22대 제432회 제1차 과학기술정보방송통신위원회 과학기술원자력법안심사소위원회 (2026년 02월 12일),2,13,13. 우주항공청의 설치 및 운영에 관한 특별법 일부개정법률안(황정아 의원 대표발의)(의안번호 2208124),null,null,https://record.assembly.go.kr/assembly/viewer/minutes/xml.do?id=56236&type=summary,https://record.assembly.go.kr/assembly/viewer/minutes/download/pdf.do?id=56236,1368422
22,2026-02-11,56255,상임위원회,과학기술정보방송통신위원회,제22대 제432회 제2차 과학기술정보방송통신위원회 (2026년 02월 11일),2,1,1. 업무보고,null,http://w3.assembly.go.kr/main/player.do?menu=1&mc=356&ct1=22&ct2=432&ct3=02&wv=1,https://record.assembly.go.kr/assembly/viewer/minutes/xml.do?id=56255&type=summary,https://record.assembly.go.kr/assembly/viewer/minutes/download/pdf.do?id=56255,1368441
22,2026-02-11,56255,상임위원회,과학기술정보방송통신위원회,제22대 제432회 제2차 과학기술정보방송통신위원회 (2026년 02월 11일),2,2,가. 과학기술정보통신부,null,http://w3.assembly.go.kr/main/player.do?menu=1&mc=356&ct1=22&ct2=432&ct3=02&wv=1,https://record.assembly.go.kr/assembly/viewer/minutes/xml.do?id=56255&type=summary,https://record.assembly.go.kr/assembly/viewer/minutes/download/pdf.do?id=56255,1368441
22,2026-02-11,56255,상임위원회,과학기술정보방송통신위원회,제22대 제432회 제2차 과학기술정보방송통신위원회 (2026년 02월 11일),2,3,나. 원자력안전위원회,null,http://w3.assembly.go.kr/main/player.do?menu=1&mc=356&ct1=22&ct2=432&ct3=02&wv=1,https://record.assembly.go.kr/assembly/viewer/minutes/xml.do?id=56255&type=summary,https://record.assembly.go.kr/assembly/viewer/minutes/download/pdf.do?id=56255,1368441
22,2026-02-11,56255,상임위원회,과학기술정보방송통신위원회,제22대 제432회 제2차 과학기술정보방송통신위원회 (2026년 02월 11일),2,4,다. 우주항공청,null,http://w3.assembly.go.kr/main/player.do?menu=1&mc=356&ct1=22&ct2=432&ct3=02&wv=1,https://record.assembly.go.kr/assembly/viewer/minutes/xml.do?id=56255&type=summary,https://record.assembly.go.kr/assembly/viewer/minutes/download/pdf.do?id=56255,1368441
22,2026-02-10,56254,상임위원회,과학기술정보방송통신위원회,제22대 제432회 제1차 과학기술정보방송통신위원회 (2026년 02월 10일),2,1,1. 업무보고,null,http://w3.assembly.go.kr/main/player.do?menu=1&mc=356&ct1=22&ct2=432&ct3=01&wv=1,https://record.assembly.go.kr/assembly/viewer/minutes/xml.do?id=56254&type=summary,https://record.assembly.go.kr/assembly/viewer/minutes/download/pdf.do?id=56254,1368299
22,2026-02-10,56254,상임위원회,과학기술정보방송통신위원회,제22대 제432회 제1차 과학기술정보방송통신위원회 (2026년 02월 10일),2,2,가. 방송미디어통신위원회,null,http://w3.assembly.go.kr/main/player.do?menu=1&mc=356&ct1=22&ct2=432&ct3=01&wv=1,https://record.assembly.go.kr/assembly/viewer/minutes/xml.do?id=56254&type=summary,https://record.assembly.go.kr/assembly/viewer/minutes/download/pdf.do?id=56254,1368299
22,2026-02-10,56254,상임위원회,과학기술정보방송통신위원회,제22대 제432회 제1차 과학기술정보방송통신위원회 (2026년 02월 10일),2,3,나. 방송미디어통신심의위원회,null,http://w3.assembly.go.kr/main/player.do?menu=1&mc=356&ct1=22&ct2=432&ct3=01&wv=1,https://record.assembly.go.kr/assembly/viewer/minutes/xml.do?id=56254&type=summary,https://record.assembly.go.kr/assembly/viewer/minutes/download/pdf.do?id=56254,1368299
22,2026-01-29,56204,상임위원회,과학기술정보방송통신위원회,제22대 제431회 제1차 과학기술정보방송통신위원회 (2026년 01월 29일),2,1,3. 방송미디어통신심의위원회 심의위원 추천의 건,null,http://w3.assembly.go.kr/main/player.do?menu=1&mc=356&ct1=22&ct2=431&ct3=01&wv=1,https://record.assembly.go.kr/assembly/viewer/minutes/xml.do?id=56204&type=summary,https://record.assembly.go.kr/assembly/viewer/minutes/download/pdf.do?id=56204,1367684
22,2026-01-29,56204,상임위원회,과학기술정보방송통신위원회,제22대 제431회 제1차 과학기술정보방송통신위원회 (2026년 01월 29일),2,2,2. 2025년 국정감사 불출석 및 위증 증인 고발의 건,null,http://w3.assembly.go.kr/main/player.do?menu=1&mc=356&ct1=22&ct2=431&ct3=01&wv=1,https://record.assembly.go.kr/assembly/viewer/minutes/xml.do?id=56204&type=summary,https://record.assembly.go.kr/assembly/viewer/minutes/download/pdf.do?id=56204,1367684
22,2026-01-29,56204,상임위원회,과학기술정보방송통신위원회,제22대 제431회 제1차 과학기술정보방송통신위원회 (2026년 01월 29일),2,3,1. 연석 청문회 위증 증인 고발의 건,null,http://w3.assembly.go.kr/main/player.do?menu=1&mc=356&ct1=22&ct2=431&ct3=01&wv=1,https://record.assembly.go.kr/assembly/viewer/minutes/xml.do?id=56204&type=summary,https://record.assembly.go.kr/assembly/viewer/minutes/download/pdf.do?id=56204,1367684
22,2026-01-29,56204,상임위원회,과학기술정보방송통신위원회,제22대 제431회 제1차 과학기술정보방송통신위원회 (2026년 01월 29일),2,4,o 의사일정 변경의 건,null,http://w3.assembly.go.kr/main/player.do?menu=1&mc=356&ct1=22&ct2=431&ct3=01&wv=1,https://record.assembly.go.kr/assembly/viewer/minutes/xml.do?id=56204&type=summary,https://record.assembly.go.kr/assembly/viewer/minutes/download/pdf.do?id=56204,1367684
22,2026-01-29,56204,상임위원회,과학기술정보방송통신위원회,제22대 제431회 제1차 과학기술정보방송통신위원회 (2026년 01월 29일),2,5,4. 방송미디어통신심의위원회 심의위원 추천의 건,null,http://w3.assembly.go.kr/main/player.do?menu=1&mc=356&ct1=22&ct2=431&ct3=01&wv=1,https://record.assembly.go.kr/assembly/viewer/minutes/xml.do?id=56204&type=summary,https://record.assembly.go.kr/assembly/viewer/minutes/download/pdf.do?id=56204,1367684

